SetNumber,Set,Name,Team,Pts,Yr,OB_C,Spd_IP,Pos,H,Icon,PU,SO,GB,FB,W,S,SPlus,DB,TR,HR
1,UL,Garret Anderson,Angels,520,'03,11,11,LF-RF+1,L,S,-,1-,2-3,4-6,7-,8-14,-,15-18,-,19+
2,UL,David Eckstein,Angels,280,'03,11,16,SS+1,R,,-,1-,2-4,5-6,7-9,10-17,18-,19-,-,20+
3,P,Al Levine,Angels,20,'03,2,1,Reliever,R,,1-4,-,5-13,14-15,16-17,18-,-,19-,-,20+
3,UL,Darin Erstad,Angels,280,'03,10,16,CF+3,L,G,-,1-,2-4,5-6,7-8,9-16,17-,18-19,-,20+
4,UL,Brad Fullmer,Angels,280,'03,10,12,---,L,,-,1-,2-3,4-6,7-9,10-14,15-,16-18,-,19+
5,UL,Troy Glaus,Angels,270,'03,10,12,3B+1,R,,-,1-2,3-4,5-6,7-11,12-15,16-,17-18,-,19+
6,UL,Adam Kennedy,Angels,520,'03,12,14,2B+3,L,,-,1-,2-3,4-5,6-7,8-15,16-,17-19,20-,21+
7,UL,Bengie Molina,Angels,30,'03,8,08,C+9,R,G,-,1-,2-4,5-7,8-9,10-18,-,19-20,-,21+
8,UL,Ramon Ortiz,Angels,230,'03,4,07,Starter,R,,1-4,5-8,9-14,15-,16-,17-18,-,19-,-,20+
9,UL,Orlando Palmeiro,Angels,60,'03,10,11,OF+1,L,,-,1-,2-4,5-6,7-10,11-18,-,19-20,-,21+
10,UL,Troy Percival,Angels,240,'03,5,1,Closer,R,,1-3,4-10,11-13,14-16,17-19,20-22,-,23-25,-,26+
11,UL,Tim Salmon,Angels,250,'03,11,11,LF-RF+1,R,,-,1-2,3-4,5-6,7-11,12-16,-,17-19,-,20+
12,UL,Jarrod Washburn,Angels,560,'03,5,6,Starter,L,,1-3,4-7,8-12,13-17,-,18-19,-,20-22,-,23+
23,UL,**Aaron Sele,Angels,120,'03,2,6,Starter,R,,1-2,3-5,6-12,13-16,17-,18-19,-,20-22,-,23+
29,P,Troy Glaus,Angels,270,'03,10,12,3B+1,R,,-,1-2,3-4,5-6,7-11,12-15,16-,17-18,-,19+
33,UL,*Scott Schoeneweis,Angels,220,'03,4,2,Reliever,L,,1-,2-5,6-14,15-16,17-,18-19,-,20-23,-,24+
49,P,Troy Percival,Angels,240,'03,5,1,Closer,R,,1-3,4-10,11-13,14-16,17-19,20-22,-,23-25,-,26+
59,UL,**Ben Weber,Angels,210,'03,4,1,Reliever,R,,-,1-3,4-13,14-15,16-,17-20,-,21-,-,22+
63,UL,**Chone Figgins,Angels,220,'03,9,20,2B+2,S,R,-,1-,2-4,5-6,7-9,10-15,16-17,18-19,20-,21+
74,UL,**Francisco Rodriguez,Angels,250,'03,5,1,Reliever,R,R,1-2,3-11,12-15,16-,17-18,19-21,-,22-,-,23+
81,UL,**Scott Spiezio,Angels,270,'03,11,11,1B+0,S,,-,1-,2-3,4-6,7-10,11-17,-,18-19,-,20+
105,UL,*Kevin Appier,Angels,10,'03,1,5,Starter,R,,1-4,5-7,8-12,13-15,16-,17-18,-,19-24,-,25+
124,CC,*Rod Carew,Angels,720,'03,14,20,"2B+3, 1B+0",L,RY S V,-,1-,2-4,5-,6-7,8-16,17-18,19-,20-26,27+
141,RS,**Tim Salmon '93,Angels,480,'03,11,11,LF-RF+2,R,RY,-,1-2,3-4,5-6,7-11,12-16,-,17-18,-,19+
44,P,Craig Biggio,Astros,200,'03,10,14,2B+2,R,,-,1-2,3-5,6-7,8-10,11-15,16-17,18-19,-,20+
49,UL,*Gregg Zaun,Astros,200,'03,11,10,C+6,S,,-,1-,2-4,5-6,7-10,11-16,-,17-20,-,21+
64,UL,*Ricky Stone,Astros,250,'03,4,1,Reliever,R,,1-,2-4,5-13,14-16,17-,18-21,-,22-,-,23+
75,UL,**Craig Biggio,Astros,260,'03,9,18,"CF+1, 2B+1",R,,-,1-,2-3,4-5,6-9,10-15,16-,17-19,-,20+
89,UL,**Octavio Dotel,Astros,280,'03,6,1,Reliever,R,,1-,2-8,9-12,13-17,18-,19-22,-,23-25,-,26+
115,UL,**Wade Miller,Astros,390,'03,4,7,Starter,R,,-,1-5,6-11,12-16,17-,18-19,-,20-21,-,22+
118,UL,**Jeff Bagwell,Astros,420,'03,13,13,1B+1,R,,-,1-2,3-4,5-7,8-12,13-16,-,17-18,-,19+
119,UL,**Roy Oswalt,Astros,400,'03,4,7,Starter,R,,1-2,3-7,8-13,14-16,17-,18-19,-,20-23,-,24+
125,CC,*Nolan Ryan,Astros,730,'03,5,8,Starter,R,K 20,1-,2-10,11-,12-16,17-19,20-,-,21-,-,22+
128,UL,**Jeff Kent,Astros,550,'03,11,13,2B+3,R,S,-,1-2,3-4,5-6,7-10,11-16,-,17-18,-,19+
137,RS,**Jeff Bagwell '91,Astros,390,'03,11,12,1B+1,R,RY,-,1-2,3-4,5-6,7-10,11-17,-,18-,-,19+
138,UL,Brad Ausmus,Astros,130,'03,9,09,C+9,R,G,-,1-,2-4,5-6,7-9,10-17,-,18-19,-,20+
139,UL,Lance Berkman,Astros,680,'03,13,12,OF+0,S,,-,1-2,3-4,5-6,7-11,12-15,-,16-17,-,18+
140,UL,Craig Biggio,Astros,200,'03,10,14,2B+2,R,,-,1-2,3-5,6-7,8-10,11-15,16-17,18-19,-,20+
141,UL,Geoff Blum,Astros,170,'03,11,09,3B+2,S,,-,1-2,3-5,6-7,8-11,12-17,-,18-19,-,20+
142,UL,Richard Hidalgo,Astros,150,'03,9,11,LF-RF+1,R,,-,1-2,3-4,5-6,7-10,11-16,-,17-18,-,19+
143,UL,Julio Lugo,Astros,170,'03,9,12,SS+1,R,,-,1-2,3-4,5-6,7-9,10-16,-,17-18,-,19+
144,UL,Orlando Merced,Astros,70,'03,10,10,LF-RF+1,L,,-,1-2,3-5,6-7,8-11,12-18,-,19-,-,20+
145,UL,Billy Wagner,Astros,260,'03,5,1,Closer,L,,1-,2-8,9-13,14-17,18-19,20-21,-,22-,-,23+
19,P,Mark Ellis,Athletics,130,'03,10,15,2B+2,R,,-,1-,2-,3-5,6-10,11-17,-,18-19,-,20+
21,P,Olmedo Saenz,Athletics,320,'03,10,11,1B+0,R,,-,1-,2-3,4-5,6-8,9-15,-,16-18,-,19+
34,UL,*John Halama,Athletics,130,'03,3,5,Starter,L,,1-3,4-6,7-14,15-16,17-,18-19,-,20-21,-,22+
37,P,Mark Mulder,Athletics,500,'03,5,7,Starter,L,,1-,2-5,6-12,13-16,17-,18-19,-,20-22,-,23+
43,UL,*Chad Bradford,Athletics,190,'03,5,1,Reliever,R,,-,1-4,5-13,14-15,16-17,18-19,-,20-23,-,24+
53,UL,**Ricardo Rincon,Athletics,190,'03,5,1,Reliever,L,,1-2,3-7,8-13,14-16,17-,18-19,-,20-25,-,26+
58,UL,*Ted Lilly,Athletics,220,'03,4,6,Starter,L,,1-5,6-9,10-14,15-16,17-,18-19,-,20-25,-,26+
68,UL,**Keith Foulke,Athletics,230,'03,5,1,Reliever,R,,1-,2-6,7-12,13-17,18-,19-20,-,21-,-,22+
73,UL,*Ramon Hernandez,Athletics,300,'03,10,11,C+6,R,,-,1-,2-3,4-5,6-9,10-16,-,17-19,-,20+
95,UL,*Eric Byrnes,Athletics,470,'03,13,14,OF+1,R,R,-,1-,2-4,5-6,7-10,11-15,16-,17-18,19-,20+
122,CC,*Reggie Jackson,Athletics,650,'03,11,13,LF-RF+1,L,HR S V,-,1-2,3-,4-6,7-10,11-14,15-,16-,-,17+
216,UL,Eric Chavez,Athletics,310,'03,10,12,3B+3,L,"S,G",-,1-2,3-4,5-7,8-11,12-16,-,17-18,-,19+
217,UL,Jermaine Dye,Athletics,160,'03,9,09,LF-RF+0,R,,-,1-2,3-4,5-6,7-10,11-16,-,17-18,-,19+
218,UL,Scott Hatteberg,Athletics,140,'03,11,08,1B+1,L,,-,1-,2-5,6-7,8-12,13-18,-,19-,-,20+
219,UL,Tim Hudson,Athletics,330,'03,3,07,Starter,R,,1-2,3-6,7-14,15-16,17-,18-20,-,21-23,-,24+
220,UL,Billy Koch,Athletics,200,'03,4,1,Closer,R,RP,-,1-5,6-11,12-16,17-19,20-21,-,22-23,-,24+
221,UL,Terrance Long,Athletics,130,'03,8,10,CF+1,L,,-,1-,2-3,4-5,6-9,10-16,-,17-19,-,20+
222,UL,Mark Mulder,Athletics,500,'03,5,07,Starter,L,,1-,2-5,6-12,13-16,17-,18-19,-,20-22,-,23+
223,UL,Miguel Tejada,Athletics,480,'03,11,14,SS+2,R,V,-,1-,2-4,5-6,7-8,9-16,-,17-18,-,19+
224,UL,Barry Zito,Athletics,610,'03,5,07,Starter,L,"CY,20",1-2,3-6,7-11,12-17,18-19,20-21,-,22-,-,23+
24,UL,*Cliff Politte,Blue Jays,100,'03,4,1,Closer,R,,1-4,5-9,10-13,14-17,18-,19-21,-,22-23,-,24+
33,P,Shannon Stewart,Blue Jays,300,'03,11,13,LF-RF+1,R,,-,1-,2-4,5-6,7-9,10-15,16-17,18-19,-,20+
36,UL,**Mike Bordick,Blue Jays,150,'03,9,12,SS+5,R,,-,1-,2-4,5-7,8-11,12-17,-,18-19,-,20+
59,UL,*Tom Wilson,Blue Jays,220,'03,11,10,C+2,R,R,-,1-3,4-5,6-7,8-11,12-16,-,17-19,-,20+
64,UL,**Ken Huckaby,Blue Jays,150,'03,9,10,C+6,R,R,-,1-2,3-7,8-9,10-11,12-21,-,22-,-,23+
73,UL,**Orlando Hudson,Blue Jays,250,'03,9,13,2B+4,S,R,-,1-,2-4,5-6,7-8,9-15,-,16-17,18-19,20+
77,UL,**Vernon Wells,Blue Jays,260,'03,9,13,CF+1,R,,-,1-,2-4,5-7,8-9,10-16,-,17-18,-,19+
92,UL,*Frank Catalanotto,Blue Jays,450,'03,12,12,LF-RF+1,L,,-,1-,2-3,4-6,7-8,9-16,-,17-19,-,20+
103,UL,**Chris Woodward,Blue Jays,340,'03,9,13,"SS+4, 2B+2",R,,-,1-2,3-,4-5,6-8,9-15,-,16-17,18-,19+
103,UL,*Carlos Delgado,Blue Jays,700,'03,13,10,1B+1,L,,-,1-2,3-4,5-6,7-11,12-16,-,17-18,-,19+
107,SS,*Pat Hentgen,Blue Jays,350,'03,4,8,Starter,R,CY 20,1-,2-5,6-11,12-16,17-,18-19,-,20-23,-,24+
115,SS,*John Olerud,Blue Jays,740,'03,14,10,1B+0,L,,-,1-,2-3,4-5,6-10,11-16,-,17-19,-,20+
123,UL,**Josh Phelps,Blue Jays,450,'03,11,11,1B+0,R,R,-,1-2,3-,4-5,6-8,9-15,-,16-18,-,19+
299,UL,Dave Berg,Blue Jays,150,'03,9,08,"2B+1, 3B+0",R,,-,1-,2-3,4-5,6-9,10-17,-,18-21,-,22+
300,UL,Carlos Delgado,Blue Jays,340,'03,12,09,1B+0,L,,-,1-2,3-4,5-6,7-12,13-16,-,17-18,-,19+
301,UL,Kelvim Escobar,Blue Jays,80,'03,1,1,Closer,R,,1-3,4-9,10-14,15-16,17-19,20-21,-,22-,-,23+
302,UL,Roy Halladay,Blue Jays,460,'03,4,07,Starter,R,,1-2,3-6,7-15,16-,17-,18-21,-,22-25,-,26+
303,UL,Eric Hinske,Blue Jays,270,'03,11,13,3B+0,L,"RY,R",-,1-2,3-4,5-6,7-11,12-16,17-,18-19,-,20+
304,UL,Shannon Stewart,Blue Jays,300,'03,11,13,LF-RF+1,R,,-,1-,2-4,5-6,7-9,10-15,16-17,18-19,-,20+
3,UL,**Mike Hampton,Braves,10,'03,1,6,Starter,L,,1-3,4-5,6-13,14-15,16-,17-19,-,20-22,-,23+
11,P,Darren Holmes,Braves,240,'03,5,1,Reliever,R,,1-2,3-7,8-13,14-17,18-19,20-21,-,22-,-,23+
18,UL,*Roberto Hernandez,Braves,80,'03,2,1,Reliever,R,,1-2,3-7,8-14,15-16,17-18,19-,-,20-23,-,24+
18,P,Mark Derosa,Braves,140,'03,10,15,"2B+4, OF+0",R,,-,1-,2-4,5-6,7-8,9-17,-,18-19,-,20+
25,UL,Vinny Castilla,Braves,50,'03,8,10,3B+0,R,,-,1-,2-4,5-7,8-9,10-17,-,18-19,-,20+
26,UL,Julio Franco,Braves,120,'03,10,11,1B+1,R,,-,1-2,3-5,6-,7-10,11-18,-,19-,-,20+
27,UL,Rafael Furcal,Braves,210,'03,9,17,SS+4,S,,-,1-,2-4,5-6,7-9,10-16,17-,18-19,20-,21+
28,UL,Marcus Giles,Braves,180,'03,9,09,2B+4,R,,-,1-,2-3,4-5,6-10,11-16,-,17-18,-,19+
29,UL,Tom Glavine,Braves,310,'03,3,6,Starter,L,,1-,2-4,5-11,12-16,17-,18-19,-,20-23,-,24+
30,UL,Andruw Jones,Braves,280,'03,10,12,CF+3,R,G,-,1-2,3-4,5-6,7-11,12-16,-,17-18,-,19+
31,UL,Keith Lockhart,Braves,40,'03,8,09,2B+3,L,,-,1-,2-4,5-7,8-11,12-17,-,18-19,-,20+
32,UL,Javy Lopez,Braves,70,'03,8,08,C+6,R,,-,1-,2-4,5-6,7-9,10-17,-,18-19,-,20+
33,UL,Greg Maddux,Braves,410,'03,4,6,Starter,R,,1-2,3-5,6-14,15-16,17-,18-19,-,20-24,-,25+
34,UL,Kevin Millwood,Braves,440,'03,4,6,Starter,R,,1-,2-6,7-12,13-16,17-,18-19,-,20-23,-,24+
35,UL,Gary Sheffield,Braves,370,'03,13,12,LF-RF+0,R,,-,1-,2-4,5-7,8-11,12-16,17-,18-,-,19+
36,UL,John Smoltz,Braves,210,'03,5,1,Closer,R,RP,1-2,3-8,9-14,15-16,17-,18-19,-,20-25,-,26+
37,UL,**Ray King,Braves,150,'03,3,1,Reliever,L,,1-,2-5,6-13,14-17,18-,19-21,-,22-23,-,24+
43,P,Gary Sheffield,Braves,370,'03,13,12,LF-RF+0,R,,-,1-,2-4,5-7,8-11,12-16,17-,18-,-,19+
80,UL,**Robert Fick,Braves,270,'03,9,11,LF-RF+2,L,,-,1-,2-3,4-5,6-8,9-16,-,17-19,-,20+
100,UL,**Russ Ortiz,Braves,320,'03,3,6,Starter,R,,1-4,5-7,8-14,15-16,17-,18-19,-,20-21,-,22+
104,UL,*Gary Sheffield,Braves,720,'03,13,17,LF-RF+1,R,,-,1-,2-4,5-6,7-10,11-14,15-16,17-18,-,19+
125,UL,**Chipper Jones,Braves,480,'03,13,13,LF-RF+1,S,,-,1-,2-3,4-6,7-11,12-17,-,18-19,-,20+
134,RS,**Rafael Furcal '00,Braves,340,'03,12,24,"SS+4, 2B+1",S,RY,-,1-2,3-5,6-7,8-12,13-16,17-18,19-,20-,21+
17,P,Lenny Harris,Brewers,220,'03,11,13,"LF-RF+2, 3B+1",L,,-,1-,2-4,5-,6-8,9-17,-,18-19,-,20+
34,UL,**Glendon Rusch,Brewers,140,'03,2,6,Starter,L,,1-3,4-7,8-14,15-16,17-,18-19,-,20-22,-,23+
48,UL,*Eddie Perez,Brewers,200,'03,9,10,C+2,R,,-,1-,2-4,5-6,7-8,9-17,-,18-,-,19+
58,UL,**Luis Vizcaino,Brewers,210,'03,5,1,Reliever,R,,1-3,4-8,9-12,13-17,18-,19-,-,20-22,-,23+
62,UL,**Royce Clayton,Brewers,220,'03,9,14,SS+3,R,,-,1-,2-4,5-,6-8,9-17,-,18-19,20-,21+
75,UL,*John Vander Wal,Brewers,300,'03,10,11,LF-RF+1,L,,-,1-2,3-,4-5,6-10,11-15,-,16-18,-,19+
79,UL,**Wes Helms,Brewers,270,'03,9,10,1B+0,R,,-,1-2,3-4,5-6,7-8,9-15,-,16-18,-,19+
121,CC,*Robin Yount,Brewers,540,'03,12,16,"CF+2, SS+4",R,G S V,-,1-,2-4,5-,6-9,10-15,16-,17-18,19-,20+
167,UL,Mike Dejean,Brewers,120,'03,2,1,Reliever,R,,1-2,3-6,7-13,14-16,17-19,20-21,-,22-23,-,24+
168,UL,Jose Hernandez,Brewers,370,'03,10,10,SS+4,R,,-,1-2,3-4,5-,6-9,10-16,-,17-18,-,19+
169,UL,Geoff Jenkins,Brewers,140,'03,9,09,LF-RF+1,L,,-,1-2,3-4,5-6,7-10,11-15,-,16-18,-,19+
170,UL,Alex Sanchez,Brewers,180,'03,10,22,CF+3,L,R,-,1-,2-5,6-,7-9,10-16,17-18,19-,20-,21+
171,UL,Richie Sexson,Brewers,290,'03,10,08,1B+0,R,,-,1-2,3-4,5-6,7-10,11-16,-,17-18,-,19+
172,UL,Ben Sheets,Brewers,150,'03,2,6,Starter,R,,1-,2-5,6-12,13-16,17-,18-19,-,20-23,-,24+
173,UL,Eric Young,Brewers,170,'03,10,20,2B+2,R,,-,1-,2-4,5-6,7-9,10-15,16-18,19-20,-,21+
1,UL,**So Taguchi,Cardinals,10,'03,9,11,LF-RF+1,R,R,-,1-2,3-7,8-10,11-13,14-18,-,19-22,-,23+
16,P,Kerry Robinson,Cardinals,200,'03,10,18,"LF-RF+2, CF+0",L,,-,1-,2-5,6-7,8-9,10-17,-,18-19,20-,21+
25,UL,*Russ Springer,Cardinals,100,'03,5,1,Reliever,R,,1-,2-4,5-8,9-16,17-,18-,-,19-24,-,25+
26,UL,**Steve Kline,Cardinals,90,'03,3,1,Reliever,L,,1-,2-5,6-12,13-15,16-17,18-19,-,20-22,-,23+
28,P,Fernando Vina,Cardinals,150,'03,9,14,2B+4,L,G,-,-,1-3,4-5,6-8,9-16,17-18,19-20,-,21+
35,UL,*Eli Marrero,Cardinals,130,'03,9,12,LF-RF+2,R,,-,1-,2-3,4-7,8-10,11-16,-,17-18,19-,20+
44,UL,*Miguel Cairo,Cardinals,190,'03,9,14,2B+2,R,,-,1-,2-3,4-6,7-9,10-15,-,16-18,19-,20+
45,UL,*Mike Matheny,Cardinals,190,'03,9,11,C+6,R,,-,1-,2-4,5-6,7-9,10-17,-,18-19,-,20+
87,UL,**Tino Martinez,Cardinals,280,'03,9,10,1b+1,L,,-,1-,2-3,4-5,6-9,10-16,-,17-18,-,19+
124,UL,**Woody Williams,Cardinals,450,'03,5,6,Starter,R,,1-,2-5,6-11,12-16,17-,18-21,-,22-23,-,24+
144,RS,**Albert Pujols '01,Cardinals,600,'03,13,10,"3B+1, LF-RF+1",R,RY S,-,1-2,3-5,6-8,9-11,12-16,-,17-18,-,19+
273,UL,J. D. Drew,Cardinals,150,'03,10,12,LF-RF+1,L,,-,1-2,3-4,5-6,7-11,12-17,-,18-19,-,20+
274,UL,Jim Edmonds,Cardinals,500,'03,13,10,CF+3,L,G,-,1-3,4-,5-6,7-11,12-16,-,17-18,-,19+
275,UL,Jason Isringhausen,Cardinals,230,'03,5,1,Closer,R,,1-,2-7,8-14,15-16,17-,18-22,-,23-27,-,28+
276,UL,Matt Morris,Cardinals,420,'03,4,07,Starter,R,,1-3,4-7,8-15,16-,17-,18-20,-,21-24,-,25+
277,UL,Albert Pujols,Cardinals,470,'03,12,09,LF-RF+0,R,,-,1-,2-4,5-6,7-10,11-16,-,17-18,-,19+
278,UL,Edgar Renteria,Cardinals,320,'03,11,16,SS+5,R,"S,G",-,1-,2-4,5-6,7-9,10-16,17-,18-19,-,20+
279,UL,Scott Rolen,Cardinals,420,'03,10,12,3B+3,R,"S,G",-,1-,2-3,4-5,6-10,11-15,-,16-17,18-,19+
280,UL,Jason Simontacchi,Cardinals,160,'03,2,6,Starter,R,R,1-4,5-7,8-13,14-16,17-,18-19,-,20-22,-,23+
281,UL,Fernando Vina,Cardinals,150,'03,9,14,2B+4,L,G,-,-,1-3,4-5,6-8,9-16,17-18,19-20,-,21+
4,UL,*Tom Goodwin,Cubs,40,'03,9,23,CF+0,L,,-,1-3,4-7,8-9,10-,11-16,17-19,20-,21-23,24+
17,UL,**Antonio Alfonseca,Cubs,90,'03,2,1,Closer,R,,1-2,3-6,7-14,15-,16-,17-19,-,20-22,-,23+
29,UL,**Carlos Zambrano,Cubs,130,'03,2,5,Starter,R,,1-,2-6,7-14,15-16,17-18,19-,-,20-21,-,22+
31,UL,**Mark Grudzielanek,Cubs,140,'03,9,10,2B+1,R,,-,1-2,3-5,6-7,8-9,10-18,-,19-,-,20+
35,UL,**Hee Seop Choi,Cubs,130,'03,9,10,1B+0,L,R,-,1-2,3-4,5-6,7-11,12-17,-,18-19,-,20+
36,P,Jon Lieber,Cubs,350,'03,4,7,Starter,R,,1-4,5-7,8-14,15-16,-,17-19,-,20-22,-,23+
45,UL,**Eric Karros,Cubs,180,'03,9,10,1B+1,R,,-,1-,2-4,5-6,7-9,10-17,-,18-19,-,20+
60,UL,**Kerry Wood,Cubs,210,'03,3,6,Starter,R,,1-2,3-8,9-13,14-16,17-,18-19,-,20-22,-,23+
60,UL,**Kerry Wood,Cubs,210,'03,3,6,Starter,R,,1-2,3-8,9-13,14-16,17-,18-19,-,20-22,-,23+
63,UL,Moises Alou,Cubs,180,'03,10,12,LF-RF+0,R,,-,1-,2-4,5-6,7-10,11-17,-,18-19,-,20+
64,UL,Mark Bellhorn,Cubs,290,'03,11,12,"2B+1, 3B+0",S,,-,1-3,4-,5-6,7-12,13-16,-,17-18,-,19+
65,UL,Roosevelt Brown,Cubs,30,'03,8,09,LF-RF+0,L,,-,1-2,3-5,6-7,8-11,12-16,-,17-19,-,20+
66,UL,Matt Clement,Cubs,470,'03,4,07,Starter,R,,1-3,4-9,10-15,16-,17-,18-19,-,20-24,-,25+
67,UL,Joe Girardi,Cubs,10,'03,8,09,C+5,R,,-,1-,2-6,7-8,9-11,12-18,-,19-20,-,21+
68,UL,Alex Gonzalez,Cubs,160,'03,9,11,SS+3,R,,-,1-2,3-4,5-6,7-10,11-17,-,18-19,-,20+
69,UL,Todd Hundley,Cubs,70,'03,9,08,C+4,S,,-,1-3,4-5,6-7,8-12,13-17,-,18-,-,19+
70,UL,**Mike Remlinger,Cubs,230,'03,5,1,Reliever,L,,1-2,3-8,9-14,15-17,18-,19-21,-,22-23,-,24+
70,UL,Jon Lieber,Cubs,350,'03,4,07,Starter,R,,1-4,5-7,8-14,15-16,-,17-19,-,20-22,-,23+
70,UL,*Shawn Estes,Cubs,10,'03,1,5,Starter,L,,1-2,3-5,6-14,15-,16-,17-19,-,20-22,-,23+
71,UL,Fred McGriff,Cubs,400,'03,10,09,1B+0,L,,-,1-,2-3,4-5,6-9,10-15,-,16-17,-,18+
72,UL,Bill Mueller,Cubs,120,'03,10,08,3B+0,S,,-,1-,2-4,5-6,7-11,12-17,-,18-19,-,20+
73,UL,Corey Patterson,Cubs,90,'03,8,15,CF+0,L,,-,1-2,3-5,6-7,8-9,10-16,17-,18-19,-,20+
74,UL,Mark Prior,Cubs,440,'03,4,6,Starter,R,R,1-2,3-8,9-12,13-16,17-,18-19,-,20-21,-,22+
75,UL,Sammy Sosa,Cubs,490,'03,13,09,LF-RF+1,R,HR,-,1-3,4-5,6-7,8-12,13-17,-,-,-,18+
110,SS,*Mark Grace,Cubs,440,'03,12,12,1B+1,L,G,-,1-,2-4,5-6,7-10,11-16,-,17-19,-,20+
112,SS,*Greg Maddux,Cubs,580,'03,5,8,Starter,R,CY 20,1-,2-5,6-13,14-16,17-,18-19,-,20-23,-,24+
140,RS,**Kerry Wood '98,Cubs,420,'03,4,6,Starter,R,RY,1-2,3-10,11-14,15-,16-17,18-19,-,20-,-,21+
5,P,Aubrey Huff,Devil Rays,260,'03,11,14,"1B+1, 3B+0",L,,-,-,1-3,4-5,6-8,9-16,-,17-18,-,19+
8,UL,*Lance Carter,Devil Rays,160,'03,5,1,Closer,R,R,1-3,4-6,7-11,12-16,17-,18-,-,19-22,-,23+
15,UL,*Toby Hall,Devil Rays,50,'03,9,10,C+5,R,,-,1-,2-4,5-8,9-11,12-19,-,20-,-,21+
18,UL,**Carl Crawford,Devil Rays,150,'03,9,16,LF-RF+2,L,R,-,1-,2-4,5-6,7-8,9-17,-,18-19,20-,21+
19,UL,**Rey Ordonez,Devil Rays,100,'03,9,15,SS+2,R,,-,1-,2-5,6-7,8-9,10-18,-,19-20,-,21+
57,UL,*Travis Lee,Devil Rays,220,'03,10,10,1B+1,L,,-,1-2,3-4,5-6,7-10,11-16,-,17-19,-,20+
62,UL,*Travis Harper,Devil Rays,290,'03,5,2,Reliever,R,,1-2,3-7,8-14,15-17,18-,19-22,-,23-25,-,26+
129,UL,**Rocco Baldelli,Devil Rays,520,'03,12,13,CF+1,R,R,-,1-,2-3,4-5,6-8,9-15,-,16-18,19-,20+
282,UL,Brent Abernathy,Devil Rays,50,'03,8,12,2B+2,R,,-,1-,2-4,5-6,7-9,10-17,18-,19-20,-,21+
283,UL,Steve Cox,Devil Rays,130,'03,9,11,1B+0,L,,-,1-,2-4,5-6,7-10,11-17,-,18-19,-,20+
284,UL,Chris Gomez,Devil Rays,150,'03,9,09,SS+3,R,,-,1-,2-4,5-7,8-9,10-16,-,17-19,-,20+
285,UL,Ben Grieve,Devil Rays,160,'03,10,12,LF-RF+1,L,,-,1-2,3-5,6-,7-11,12-17,-,18-19,-,20+
286,UL,Joe Kennedy,Devil Rays,190,'03,2,07,Starter,L,,1-4,5-7,8-13,14-16,17-,18-19,-,20-22,-,23+
287,UL,Tanyon Sturtze,Devil Rays,10,'03,1,07,Starter,R,,1-5,6-8,9-14,15-16,17-,18-19,-,20-21,-,22+
288,UL,Paul Wilson,Devil Rays,120,'03,2,07,Starter,R,,1-2,3-5,6-12,13-16,17-,18-19,-,20-,-,21+
289,UL,Randy Winn,Devil Rays,340,'03,10,18,CF+2,S,,-,1-,2-4,5-6,7-9,10-14,15-16,17-18,19-,20+
13,UL,Miguel Batista,Diamondbacks,380,'03,4,5,Starter,R,,1-,2-4,5-12,13-16,17-,18-19,-,20-24,-,25+
13,UL,**Matt Mantei,Diamondbacks,80,'03,2,1,Reliever,R,,1-3,4-8,9-12,13-16,17-,18-19,-,20-21,-,22+
13,P,Erubiel Durazo,Diamondbacks,350,'03,12,10,1B+0,L,,-,1-2,3-4,5-6,7-12,13-16,-,17-18,-,19+
14,UL,Danny Bautista,Diamondbacks,190,'03,10,10,LF-RF+2,R,,-,1-,2-3,4-6,7-11,12-17,-,18-19,20-,21+
15,UL,Craig Counsell,Diamondbacks,130,'03,10,12,"3B+3, SS+2",L,,-,1-,2-4,5-6,7-10,11-18,-,19-20,-,21+
16,UL,Steve Finley,Diamondbacks,350,'03,10,14,CF+1,L,,-,1-,2-3,4-5,6-9,10-14,15-16,17-18,-,19+
17,UL,Luis Gonzalez,Diamondbacks,290,'03,13,12,LF-RF+0,L,,-,1-,2-4,5-7,8-12,13-17,-,18-19,-,20+
18,UL,Mark Grace,Diamondbacks,60,'03,10,09,1B+0,L,,-,1-,2-5,6-7,8-12,13-17,-,18-19,-,20+
19,UL,Randy Johnson,Diamondbacks,550,'03,5,07,Starter,L,CY K 20,1-,2-8,9-13,14-16,17-,18-19,-,20-22,-,23+
20,UL,Byung-Hyun Kim,Diamondbacks,230,'03,5,1,Closer,R,,1-2,3-8,9-14,15-16,17-19,20-22,-,23-24,-,25+
21,UL,Quinton McCracken,Diamondbacks,220,'03,11,11,OF+1,S,,-,1-2,3-4,5-6,7-9,10-16,-,17-19,20-,21+
22,UL,Curt Schilling,Diamondbacks,680,'03,6,07,Starter,R,20,1-2,3-9,10-14,15-17,-,18-19,-,20-22,-,23+
22,UL,*David Dellucci,Diamondbacks,100,'03,10,19,LF-RF+0,L,,-,1-2,3-4,5-6,7-11,12-14,15-17,18-20,-,21+
23,UL,Junior Spivey,Diamondbacks,350,'03,11,13,2B+2,R,R,-,1-,2-3,4-5,6-9,10-15,16-17,18-19,-,20+
24,UL,Tony Womack,Diamondbacks,120,'03,9,19,SS+0,L,,-,1-,2-4,5-6,7-9,10-16,17-18,19-20,-,21+
32,P,Steve Finley,Diamondbacks,350,'03,10,14,CF+1,L,,-,1-,2-3,4-5,6-9,10-14,15-16,17-18,-,19+
32,UL,**Matt Williams,Diamondbacks,140,'03,9,10,3B+0,R,,-,1-2,3-4,5-6,7-10,11-17,-,18-,-,19+
71,UL,**Lyle Overbay,Diamondbacks,240,'03,11,13,1B+0,L,R,-,1-,2-4,5-7,8-9,10-16,-,17-19,-,20+
80,UL,*Rod Barajas,Diamondbacks,330,'03,11,10,C+4,R,,-,1-,2-3,4-6,7-8,9-15,-,16-19,-,20+
83,UL,**Elmer Dessens,Diamondbacks,270,'03,3,6,Starter,R,,1-4,5-7,8-15,16-,17-,18-19,-,20-21,-,22+
93,UL,**John Patterson,Diamondbacks,290,'03,4,5,Starter,R,R,1-,2-7,8-10,11-16,17-,18-19,-,20-23,-,24+
14,P,Giovanni Carrara,Dodgers,130,'03,3,1,Reliever,R,,1-4,5-7,8-13,14-16,17-,18-19,-,20-24,-,25+
41,P,Shawn Green,Dodgers,430,'03,11,12,LF-RF+1,L,,-,1-,2-4,5-,6-11,12-16,-,17-18,-,19+
44,UL,**Paul Shuey,Dodgers,170,'03,4,1,Reliever,R,,1-2,3-7,8-15,16-,17-,18-19,-,20-22,-,23+
46,P,Jesse Orosco,Dodgers,160,'03,4,1,Reliever,L,,1-5,6-9,10-14,15-16,17-,18-19,-,20-,-,21+
48,UL,**Dave Roberts,Dodgers,190,'03,10,24,CF+1,L,,-,1-,2-4,5-6,7-10,11-15,16-18,19-,20-,21+
56,UL,*Alex Cora,Dodgers,220,'03,10,12,2B+2,L,,-,1-,2-4,5-6,7-8,9-17,-,18-20,-,21+
68,UL,*Paul Quantrill,Dodgers,260,'03,4,1,Reliever,R,,1-,2-4,8-16,17-18,19-,20-22,-,23-25,-,26+
92,UL,**Kevin Brown,Dodgers,280,'03,3,6,Starter,R,,1-3,4-8,9-15,16-,17-18,19-,-,20-,-,21+
98,UL,**Fred McGriff,Dodgers,320,'03,10,10,1B+0,L,,-,1-2,3-4,5-6,7-10,11-16,-,17-18,-,19+
118,CC,*Hoyt Wilhelm,Dodgers,350,'03,6,2,Reliever,R,RP,1-2,3-8,9-14,15-17,18-,19-20,-,21-27,-,28+
119,CC,*Pee Wee Reese,Dodgers,520,'03,12,21,SS+4,R,S G,-,1-,2-5,6-,7-12,13-17,18-,19-,20-,21+
143,RS,**Mike Piazza '93,Dodgers,580,'03,11,10,C+5,R,RY S,-,1-,2-4,5-6,7-9,10-16,-,17-18,-,19+
154,UL,Adrian Beltre,Dodgers,200,'03,9,12,3B+1,R,,-,1-,2-4,5-7,8-9,10-16,-,17-18,-,19+
155,UL,Eric Gagne,Dodgers,260,'03,6,1,Closer,R,,1-2,3-10,11-14,15-17,18-,19-,-,20-23,-,24+
156,UL,Shawn Green,Dodgers,430,'03,11,12,LF-RF+1,L,,-,1-,2-4,5-,6-11,12-16,-,17-18,-,19+
157,UL,Marquis Grissom,Dodgers,170,'03,9,11,OF+0,R,,-,1-2,3-4,5-6,7-9,10-15,-,16-18,-,19+
158,UL,Mark Grudzielanek,Dodgers,100,'03,9,09,2B+1,R,,-,1-2,3-5,6-7,8-9,10-18,-,19-,-,20+
159,UL,Kazuhisha Ishii,Dodgers,160,'03,1,6,Starter,L,R,1-3,4-8,9-14,15-16,17-19,20-21,-,22-,-,23+
160,UL,Cesar Izturis,Dodgers,10,'03,8,12,SS+1,S,,-,1-,2-6,7-9,10-,11-18,-,19-20,-,21+
161,UL,Brian Jordan,Dodgers,220,'03,9,09,LF-RF+0,R,,-,1-,2-3,4-5,6-8,9-16,-,17-18,-,19+
162,UL,Eric Karros,Dodgers,130,'03,9,10,1B+0,R,,-,1-,2-4,5-6,7-9,10-17,-,18-19,-,20+
163,UL,Paul Lo Duca,Dodgers,210,'03,9,10,C+5,R,,-,-,1-4,5-6,7-8,9-16,-,17-19,-,20+
164,UL,Hideo Nomo,Dodgers,310,'03,3,6,Starter,R,,1-,2-6,7-11,12-16,17-,18-19,-,20-22,-,23+
165,UL,Jesse Orosco,Dodgers,160,'03,4,1,Reliever,L,,1-5,6-9,10-14,15-16,17-,18-19,-,20-,-,21+
166,UL,Odalis Perez,Dodgers,590,'03,5,07,Starter,L,,1-4,5-8,9-15,16-17,18-,19-,-,20-22,-,23+
16,UL,*Rocky Biddle,Expos,170,'03,4,1,Closer,R,,1-,2-6,7-13,14-16,17-18,19-,-,20-22,-,23+
65,UL,*Wil Cordero,Expos,260,'03,11,10,1B+1,R,,-,1-2,3-4,5-6,7-9,10-17,-,18-19,-,20+
67,UL,*Livan Hernandez,Expos,260,'03,4,7,Starter,R,,-,1-3,4-11,12-16,17-,18-19,-,20-23,-,24+
87,UL,*Zach Day,Expos,390,'03,4,6,Starter,R,R,1-2,3-5,6-16,17-,18-,19-21,-,22-,-,23+
120,UL,**Orlando Hernandez,Expos,430,'03,5,6,Starter,R,,1-4,5-8,9-13,14-16,17-,18-19,-,20-23,-,24+
182,UL,Michael Barrett,Expos,160,'03,10,11,C+4,R,,-,1-,2-4,5-6,7-10,11-17,-,18-19,-,20+
183,UL,Orlando Cabrera,Expos,120,'03,9,16,SS+0,R,,-,1-,2-4,5-6,7-10,11-16,17-,18-20,-,21+
185,UL,Vladimir Guerrero,Expos,660,'03,13,21,LF-RF+2,R,S,-,1-,2-3,4-6,7-10,11-14,15-16,17-18,-,19+
186,UL,Tomo Ohka,Expos,380,'03,4,6,Starter,R,,1-4,5-7,8-14,15-16,17-,18-19,-,20-22,-,23+
187,UL,Fernando Tatis,Expos,140,'03,9,09,3B+1,R,,-,1-,2-4,5-6,7-10,11-16,-,17-18,-,19+
188,UL,Javier Vazquez,Expos,360,'03,4,07,Starter,R,,1-,2-5,6-11,12-16,17-,18-19,-,20-22,-,23+
189,UL,Jose Vidro,Expos,330,'03,11,09,2B+0,S,,-,1-,2-4,5-6,7-9,10-17,-,18-19,-,20+
190,UL,Brad Wilkerson,Expos,280,'03,11,11,OF+2,L,R,-,1-3,4-5,6-,7-11,12-16,-,17-18,19-,20+
13,UL,*Felix Rodriguez,Giants,40,'03,1,1,Reliever,R,,1-2,3-7,8-11,12-15,16-17,18-19,-,20-22,-,23+
22,P,Pedro Feliz,Giants,30,'03,8,8,3B+0,R,,-,1-2,3-5,6-7,8-9,10-18,-,19-,-,20+
26,UL,*Kirk Rueter,Giants,170,'03,3,6,Starter,L,,1-,2-3,4-11,12-16,17-,18-19,-,20-,-,21+
26,P,Benito Santiago,Giants,140,'03,9,10,C+5,R,,-,1-,2-4,5-7,8-9,10-17,-,18-19,-,20+
42,UL,*Neifi Perez,Giants,180,'03,9,13,2B+4,S,,-,1-,2-4,5-6,7-8,9-16,17-,18-19,20-,21+
50,P,Robb Nen,Giants,230,'03,5,1,Closer,R,,1-,2-7,8-13,14-16,17-,18-22,-,23-26,-,27+
61,UL,**Tim Worrell,Giants,210,'03,5,1,Reliever,R,,1-4,5-8,9-13,14-16,17-,18-19,-,20-25,-,26+
79,UL,*Rich Aurilia,Giants,330,'03,9,12,SS+2,R,,-,1-,2-3,4-5,6-9,10-16,-,17-18,-,19+
81,UL,*Jose Cruz,Giants,330,'03,12,13,LF-RF+2,S,,-,1-2,3-4,5-6,7-12,13-16,17-,18-19,-,20+
93,UL,*Andres Galarraga,Giants,400,'03,12,10,1B+0,R,,-,1-2,3-4,5-6,7-9,10-16,-,17-18,-,19+
94,UL,*Jason Schmidt,Giants,460,'03,5,7,Starter,R,,1-3,4-10,11-14,15-17,-,18-19,-,20-21,-,22+
99,UL,**Damian Moss,Giants,320,'03,3,5,Starter,L,,1-3,4-6,7-12,13-16,17-18,19-,-,20-23,-,24+
105,UL,**Edgardo Alfonzo,Giants,320,'03,12,11,3B+2,R,,-,1-,2-3,4-6,7-8,9-17,-,18-19,-,20+
108,SS,*Matt Williams,Giants,350,'03,10,12,3B+3,R,S,-,1-2,3-4,5-6,7-8,9-16,-,17-18,-,19+
112,UL,**Ray Durham,Giants,380,'03,11,18,2B+3,S,,-,1-,2-4,5-6,7-10,11-14,15-17,18-19,-,20+
250,UL,Kurt Ainsworth,Giants,250,'03,2,5,Starter,R,R,1-2,3-5,6-12,13-16,17-,18-21,-,22-25,-,26+
251,UL,David Bell,Giants,240,'03,9,09,3B+1,R,,-,1-,2-3,4-5,6-9,10-16,-,17-18,-,19+
252,UL,Barry Bonds,Giants,900,'03,16,12,LF-RF+0,L,"V,S,HR",-,1-,2-,3-,4-12,13-16,-,17-18,-,19+
253,UL,Ryan Jensen,Giants,160,'03,2,5,Starter,R,R,1-2,3-5,6-11,12-16,17-,18-19,-,20-22,-,23+
254,UL,Jeff Kent,Giants,600,'03,11,11,2B+3,R,S,-,1-,2-3,4-6,7-9,10-15,-,16-17,-,18+
255,UL,Robb Nen,Giants,230,'03,5,1,Closer,R,,1-,2-7,8-13,14-16,17-,18-22,-,23-26,-,27+
256,UL,Reggie Sanders,Giants,280,'03,9,15,LF-RF+2,R,,-,1-2,3-,4-5,6-9,10-14,15-,16-17,18-,19+
257,UL,Benito Santiago,Giants,140,'03,9,10,C+5,R,,-,1-,2-4,5-7,8-9,10-17,-,18-19,-,20+
258,UL,Tsuyoshi Shinjo,Giants,80,'03,8,11,CF+3,R,,-,1-,2-4,5-6,7-9,10-17,-,18-19,-,20+
259,UL,J. T. Snow,Giants,90,'03,10,08,1B+0,L,,-,1-2,3-5,6-7,8-11,12-17,-,18-19,-,20+
9,UL,*Terry Mulholland,Indians,30,'03,1,1,Reliever,L,,1-3,4-5,6-13,14-16,17-,18-19,-,20-22,-,23+
10,UL,*Jake Westbrook,Indians,30,'03,2,5,Starter,R,,1-,2-3,4-13,14-16,17-,18-19,-,20-23,-,24+
37,UL,*Casey Blake,Indians,180,'03,9,12,"3B+2, 1B+0",R,R,-,1-2,3-4,5-6,7-10,11-16,-,17-19,-,20+
39,UL,**John Mcdonald,Indians,160,'03,9,12,2B+3,R,R,-,1-,2-4,5-6,7-8,9-17,-,18-19,20-,21+
41,UL,**Josh Bard,Indians,270,'03,10,10,C+7,S,R,-,1-,2-4,5-6,7-8,9-16,-,17-19,-,20+
51,UL,*Ricardo Rodriguez,Indians,210,'03,4,6,Starter,R,R,1-2,3-5,6-13,14-16,17-,18-19,-,20-23,-,24+
65,UL,**Brian Anderson,Indians,220,'03,2,5,Starter,L,,1-,2-4,5-11,12-17,18-,19-,-,20-24,-,25+
88,UL,**Travis Hafner,Indians,320,'03,12,11,1B+0,L,R,-,1-,2-4,5-6,7-11,12-17,-,18-19,-,20+
96,UL,Danys Baez,Indians,210,'03,2,5,Starter,R,R,1-,2-5,6-11,12-16,17-,18-20,-,21-23,-,24+
97,UL,Milton Bradley,Indians,60,'03,9,11,CF+1,S,,-,1-2,3-5,6-7,8-11,12-17,-,18-19,-,20+
97,UL,**Brandon Phillips,Indians,260,'03,11,18,2B+3,R,R,-,1-2,3-4,5-8,9-,10-16,17-,18-,19-,20+
98,UL,Ellis Burks,Indians,290,'03,10,09,DH,R,,-,1-2,3-4,5-6,7-9,10-16,-,17-18,-,19+
99,UL,Einar Diaz,Indians,10,'03,8,08,C+7,R,,-,1-,2-5,6-8,9-10,11-17,-,18-20,-,21+
100,UL,Ricky Gutierrez,Indians,80,'03,9,09,2B+2,R,,-,1-,2-4,5-6,7-8,9-18,-,19-20,-,21+
101,UL,Matt Lawton,Indians,130,'03,10,12,LF-RF+2,L,,-,1-,2-4,5-6,7-12,13-17,-,18-19,-,20+
102,UL,Chris Magruder,Indians,20,'03,8,09,OF+2,S,R,-,1-2,3-5,6-9,10-11,12-17,-,18-19,-,20+
103,UL,C. C. Sabathia,Indians,290,'03,3,6,Starter,L,,1-3,4-7,8-14,15-16,17-,18-19,-,20-23,-,24+
104,UL,Lee Stevens,Indians,70,'03,9,09,1B+1,L,,-,1-2,3-5,6-7,8-12,13-17,-,18-,-,19+
105,UL,Jim Thome,Indians,570,'03,13,08,1B+0,L,HR,-,1-2,3-4,5-6,7-12,13-16,-,17-,-,18+
106,UL,Omar Vizquel,Indians,230,'03,10,15,SS+4,S,,-,1-,2-3,4-6,7-10,11-16,17-,18-19,-,20+
107,UL,Bob Wickman,Indians,90,'03,2,1,Reliever,R,,1-2,3-7,8-14,15-16,17-,18-19,-,20-24,-,25+
111,SS,*Carlos Baerga,Indians,540,'03,12,14,2B+4,S,S,-,1-,2-4,5-6,7-8,9-16,17-,18-19,-,20+
116,CC,*Larry Doby,Indians,500,'03,12,11,LF-RF+2,L,S,-,1-,2-4,5-6,7-10,11-16,-,17-18,-,19+
24,UL,**Willie Bloomquist,Mariners,130,'03,9,15,LF-RF+1,R,R,-,1-,2-4,5-6,7-10,11-17,18-,19-,-,20+
25,UL,**Shigetoshi Hasegawa,Mariners,130,'03,3,1,Reliever,R,,1-3,4-6,7-13,14-16,17-,18-19,-,20-22,-,23+
29,UL,*Ryan Franklin,Mariners,120,'03,2,6,Starter,R,,1-2,3-4,5-10,11-17,18-,19-,-,20-21,-,22+
35,P,Jamie Moyer,Mariners,540,'03,5,7,Starter,L,,1-2,3-6,7-11,12-16,17-,18-19,-,20-21,-,22+
67,UL,**Edgar Martinez,Mariners,230,'03,13,10,DH,R,,-,1-2,3-4,5-7,8-13,14-17,-,18-19,-,20+
69,UL,*Ben Davis,Mariners,270,'03,9,10,C+6,S,,-,1-,2-3,4-5,6-7,8-12,-,13-17,-,18+
84,UL,**Arthur Rhodes,Mariners,270,'03,6,1,Reliever,L,,1-,2-8,9-14,15-17,18-,19-21,-,22-,-,23+
84,UL,*Gil Meche,Mariners,360,'03,4,6,Starter,R,,1-5,6-10,11-15,16-17,18-,19-20,-,21-,-,22+
111,UL,**Randy Winn,Mariners,380,'03,10,19,OF+2,S,,-,1-,2-4,5-6,7-9,10-14,15-16,17-18,19-,20+
132,RS,**Kazuhiro Sasaki '00,Mariners,210,'03,5,1,Closer,R,RY,1-3,4-10,11-14,15-16,17-18,19-,-,20-22,-,23+
142,RS,**Ichiro Suzuki '01,Mariners,490,'03,13,25,LF-RF+2,L,G RY S,-,1-,2-5,6-,7-8,9-15,16-17,18-,19-20,21+
260,UL,Bret Boone,Mariners,290,'03,9,13,2B+4,R,G,-,1-,2-4,5-,6-9,10-15,16-,17-18,-,19+
261,UL,Mike Cameron,Mariners,210,'03,10,19,CF+2,R,,-,1-3,4-5,6-7,8-12,13-15,16-17,18-,-,19+
262,UL,Jeff Cirillo,Mariners,120,'03,9,12,3B+1,R,,-,1-,2-4,5-6,7-9,10-17,-,18-19,-,20+
263,UL,Freddy Garcia,Mariners,250,'03,4,07,Starter,R,,1-2,3-6,7-12,13-15,16-,17-19,-,20-21,-,22+
264,UL,Carlos Guillen,Mariners,200,'03,9,10,SS+1,S,,-,1-,2-3,4-5,6-9,10-16,-,17-18,19-,20+
265,UL,Mark McLemore,Mariners,210,'03,11,15,LF-RF+2,S,,-,1-,2-3,4-5,6-11,12-16,17-,18-19,-,20+
266,UL,Jamie Moyer,Mariners,540,'03,5,07,Starter,L,,1-2,3-6,7-11,12-16,17-,18-19,-,20-21,-,22+
267,UL,John Olerud,Mariners,300,'03,13,08,1B+1,L,G,-,1-,2-4,5-7,8-12,13-17,-,18-19,-,20+
268,UL,Joel Pineiro,Mariners,300,'03,4,5,Starter,R,R,1-,2-5,6-12,13-16,17-,18-19,-,20-22,-,23+
269,UL,Kazuhiro Sasaki,Mariners,270,'03,6,1,Closer,R,,1-2,3-9,10-14,15-17,18-19,20-21,-,22-,-,23+
270,UL,Ruben Sierra,Mariners,120,'03,9,10,LF-RF+0,S,,-,1-,2-4,5-6,7-9,10-17,-,18-19,-,20+
271,UL,Dan Wilson,Mariners,280,'03,11,09,C+4,R,,-,1-2,3-4,5-6,7-,8-17,-,18-19,-,20+
272,UL,Ichiro Suzuki,Mariners,300,'03,12,19,LF-RF+2,L,G,-,1-,2-5,6-7,8-10,11-13,14-17,18-,19-,20+
1,UL,*Josh Beckett,Marlins,80,'03,2,5,Starter,R,,-,1-6,7-12,13-16,17-,18-19,-,20-21,-,22+
20,P,Michael Tejera,Marlins,220,'03,2,5,Starter,L,,1-,2-5,6-11,12-16,17-,18-19,-,20-24,-,25+
47,UL,**Braden Looper,Marlins,60,'03,2,1,Reliever,R,,1-,2-5,6-12,13-16,17-,18-,-,19-22,-,23+
50,UL,**Todd Hollandsworth,Marlins,190,'03,10,12,LF-RF+0,L,,-,1-2,3-5,6-7,8-10,11-17,-,18-19,-,20+
55,UL,**Juan Pierre,Marlins,210,'03,10,25,CF+1,L,,-,1-,2-5,6-,7-8,9-16,17-19,20-,-,21+
88,UL,*Mark Redman,Marlins,400,'03,5,7,Starter,L,,1-3,4-8,9-14,15-16,17-,18-19,-,20-23,-,24+
107,UL,**Josh Beckett,Marlins,370,'03,4,6,Starter,R,R,1-2,3-8,9-13,14-16,17-,18-19,-,20-22,-,23+
113,SS,*Kevin Brown,Marlins,640,'03,6,7,Starter,R,,-,1-4,5-14,15-16,17-,18-20,-,21-22,-,23+
121,UL,**Ivan Rodriguez,Marlins,410,'03,11,11,C+8,R,,-,1-,2-3,4-6,7-8,9-15,-,16-18,-,19+
128,UL,A. J. Burnett,Marlins,480,'03,4,07,Starter,R,,1-2,3-7,8-13,14-16,17-,18-20,-,21-24,-,25+
129,UL,Luis Castillo,Marlins,220,'03,11,24,2B+1,S,SB,-,1-,2-5,6-,7-9,10-16,17-19,20-,-,21+
130,UL,Juan Encarnacion,Marlins,280,'03,9,16,LF-RF+1,R,,-,1-,2-3,4-5,6-8,9-15,16-,17-18,-,19+
131,UL,Alex Gonzalez,Marlins,60,'03,8,10,SS+1,R,,-,1-2,3-4,6-,7-10,11-17,-,18-19,-,20+
132,UL,Charles Johnson,Marlins,70,'03,9,08,C+7,R,,-,1-2,3-5,6-7,8-12,13-16,-,17-19,-,20+
133,UL,Derrek Lee,Marlins,340,'03,11,15,1B+0,R,,-,1-2,3-4,5-6,7-11,12-15,16-,17-18,-,19+
134,UL,Mike Lowell,Marlins,250,'03,10,10,3B+2,R,,-,1-,2-3,4-6,7-10,11-16,-,17-19,-,20+
135,UL,Vladimir Nunez,Marlins,170,'03,4,1,Reliever,R,,1-4,5-8,9-13,14-16,17-,18-19,-,20-23,-,24+
136,UL,Eric Owens,Marlins,110,'03,9,18,OF+2,R,,-,1-,2-5,6-,7-9,10-15,16-18,19-20,-,21+
137,UL,Preston Wilson,Marlins,220,'03,9,16,CF+0,R,,-,1-2,3-4,5-,6-10,11-15,16-,17-18,-,19+
7,UL,**Roger Cedeno,Mets,180,'03,9,18,LF-RF+0,S,,-,1-,2-4,5-6,7-9,10-15,16-17,18-19,-,20+
15,P,Joe McEwing,Mets,10,'03,8,13,"LF-RF+2, SS+1",R,,-,1-3,4-6,7-9,10-11,12-17,-,18-19,-,20+
16,UL,**Rey Sanchez,Mets,90,'03,10,16,2B+1,R,,-,1-,2-5,6-7,8-9,10-19,-,20-,-,21+
27,UL,*Vance Wilson,Mets,110,'03,9,10,C+4,R,,-,1-3,4-5,6-8,9-10,11-17,-,18-,-,19+
28,UL,**Mike Stanton,Mets,130,'03,3,1,Reliever,L,,1-,2-4,5-10,11-15,16-,17-19,-,20-,-,21+
56,UL,**Tsuyoshi Shinjo,Mets,160,'03,9,11,CF+3,R,,-,1-,2-4,5-6,7-9,10-17,-,18-19,-,20+
66,UL,*Cliff Floyd,Mets,260,'03,9,12,LF-RF+1,L,,-,1-,2-3,4-5,6-11,12-15,-,16-18,-,19+
82,UL,**Ty Wigginton,Mets,270,'03,10,11,3B+1,R,R,-,1-,2-4,5-6,7-9,10-15,-,16-18,-,19+
102,UL,**Tom Glavine,Mets,330,'03,3,7,Starter,L,,1-4,5-7,8-14,15-17,18-,19-,-,20-24,-,25+
106,SS,*Jesse Orosco,Mets,240,'03,5,1,Closer,L,,1-6,7-11,12-17,-,18-,19-21,-,22-23,-,24+
191,UL,Edgardo Alfonzo,Mets,330,'03,12,11,3B+2,R,,-,1-,2-3,4-6,7-10,11-17,-,18-19,-,20+
192,UL,Roberto Alomar,Mets,180,'03,9,14,2B+1,S,,-,1-,2-4,5-6,7-9,10-16,17-,18-19,-,20+
193,UL,Pedro Astacio,Mets,280,'03,3,6,Starter,R,,1-3,4-7,8-13,14-16,17-,18-19,-,20-,-,21+
194,UL,Armando Benitez,Mets,210,'03,5,1,Closer,R,,1-2,3-8,9-12,13-16,17-,18-19,-,20-,-,21+
195,UL,Jeromy Burnitz,Mets,130,'03,9,12,LF-RF+1,L,,-,1-2,3-4,5-6,7-11,12-16,17-,18-,-,19+
196,UL,Al Leiter,Mets,410,'03,4,6,Starter,L,,1-3,4-8,9-14,15-16,17-,18-19,-,20-22,-,23+
197,UL,Rey Ordonez,Mets,40,'03,8,09,SS+2,R,,-,1-,2-5,6-7,8-9,10-17,-,18-20,-,21+
198,UL,Timo Perez,Mets,220,'03,10,12,OF+1,L,,-,1-,2-4,5-6,7-8,9-16,-,17-19,20-,21+
199,UL,Mike Piazza,Mets,300,'03,10,08,C+2,R,S,-,1-,2-3,4-6,7-10,11-16,-,17-18,-,19+
200,UL,Steve Trachsel,Mets,320,'03,3,6,Starter,R,,1-,2-4,5-11,12-16,17-19,20-21,-,22-23,-,24+
201,UL,Mo Vaughn,Mets,180,'03,10,08,1B+0,L,,-,1-2,3-4,5-6,7-11,12-17,-,18-,-,19+
8,P,Chris Richard,Orioles,50,'03,8,8,1B+0,L,,-,1-,2-4,5-6,7-10,11-16,-,17-19,-,20+
25,P,Willis Roberts,Orioles,160,'03,2,1,Reliever,R,,1-,2-5,6-13,14-17,18-19,20-21,-,22-,-,23+
37,UL,Tony Batista,Orioles,260,'03,9,11,3B+1,R,,-,1-,2-3,4-6,7-9,10-15,-,16-18,-,19+
38,UL,Mike Bordick,Orioles,110,'03,9,12,SS+5,R,,-,1-2,3-4,5-7,8-11,12-17,-,18-19,-,20+
39,UL,Jeff Conine,Orioles,110,'03,9,12,1B+0,R,,-,1-,2-4,5-7,8-9,10-17,-,18-19,-,20+
40,UL,Marty Cordova,Orioles,160,'03,9,09,LF-RF+0,R,,-,1-2,3-4,5-6,7-10,11-16,-,17-18,-,19+
41,UL,Jay Gibbons,Orioles,140,'03,9,09,LF-RF+1,L,,-,1-,2-4,5-7,8-11,12-16,-,17-18,-,19+
42,UL,Geronimo Gil,Orioles,70,'03,8,09,C+6,R,,-,1-2,3-5,6-7,8-9,10-17,-,18-19,-,20+
43,UL,Jerry Hairston,Orioles,220,'03,9,16,2B+3,R,,-,1-,2-3,4-5,6-8,9-15,16-,17-19,-,20+
44,UL,Jorge Julio,Orioles,180,'03,4,1,Reliever,R,R,1-2,3-6,7-12,13-16,17-,18-19,-,20-23,-,24+
45,UL,Rodrigo Lopez,Orioles,420,'03,4,6,Starter,R,R,1-3,4-7,8-13,14-16,17-,18-19,-,20-22,-,23+
46,UL,Gary Matthews Jr.,Orioles,180,'03,10,14,LF-RF+1,S,,-,1-2,3-5,6-,7-10,11-15,16-,17-19,-,20+
47,UL,Melvin Mora,Orioles,180,'03,10,14,"LF-RF+2, SS+1",R,,-,1-,2-3,4-6,7-11,12-16,17-,18-19,-,20+
48,UL,Sidney Ponson,Orioles,270,'03,3,6,Starter,R,,1-3,4-7,8-14,15-16,17-,18-19,-,20-,-,21+
49,UL,Chris Singleton,Orioles,220,'03,9,16,CF+1,L,,-,1-2,3-4,5-6,7-8,9-14,15-,16-18,19-,20+
49,UL,**Deivi Cruz,Orioles,190,'03,9,13,SS+1,R,,-,1-,2-4,5-6,7-8,9-17,-,18-19,-,20+
52,UL,*B.J. Ryan,Orioles,210,'03,4,1,Reliever,L,,1-,2-8,9-15,16-,17-18,19-22,-,23-25,-,26+
72,UL,**Buddy Groom,Orioles,240,'03,5,1,Reliever,L,,1-3,4-7,8-15,16-17,18-,19-22,-,23-25,-,26+
74,UL,*Jason Johnson,Orioles,300,'03,4,6,Starter,R,,-,1-4,5-12,13-16,17-,18-19,-,20-22,-,23+
89,UL,*Melvin Mora,Orioles,380,'03,13,13,"OF+1, SS+3",R,,-,1-2,3-4,5-6,7-10,11-15,16-,17-18,19-,20+
113,UL,**Omar Daal,Orioles,380,'03,4,7,Starter,L,,1-,2-5,6-11,12-16,17-,18-19,-,20-23,-,24+
120,CC,*Brooks Robinson,Orioles,600,'03,11,15,3B+5,R,G S V,-,1-,2-4,5-6,7-10,11-18,-,19-,-,20+
10,UL,**Jesse Orosco,Padres,160,'03,4,1,Reliever,L,,1-4,5-8,9-13,14-16,17-,18-19,-,20-22,-,23+
12,UL,*Jake Peavy,Padres,40,'03,3,6,Starter,R,R,1-3,4-8,9-12,13-15,16-,17-18,-,19-20,-,21+
12,UL,**Sean Burroughs,Padres,70,'03,9,14,3B+1,L,,-,1-,2-4,5-6,7-9,10-19,-,20-,-,21+
42,P,Phil Nevin,Padres,120,'03,10,10,"3B+1, 1B+0",R,,-,1-2,3-5,6-7,8-10,11-18,-,19-,-,20+
42,UL,**Xavier Nady,Padres,170,'03,9,13,LF-RF+1,R,R,-,-,1-3,4-5,6-8,9-17,-,18-19,-,20+
52,UL,**Brandon Villafuerte,Padres,170,'03,3,2,Reliever,R,R,-,2-5,6-14,15-17,18-,19-21,-,22-,-,23+
61,UL,*Adam Eaton,Padres,240,'03,4,6,Starter,R,,-,1-6,7-13,14-17,18-,19-,-,20-25,-,26+
63,UL,*Mark Loretta,Padres,240,'03,10,12,2B+3,R,,-,1-,2-4,5-6,7-10,11-17,-,18-19,-,20+
83,UL,*Rondell White,Padres,350,'03,10,10,LF-RF+0,R,,-,1-,2-4,5-6,7-9,10-16,-,17-,-,18+
117,UL,**Ryan Klesko,Padres,410,'03,12,11,1B+0,L,,-,1-,2-4,5-7,8-11,12-16,-,17-18,-,19+
136,RS,**Benito Santiago '87,Padres,370,'03,11,16,C+7,R,RY S,-,1-2,3-4,5-6,7-,8-15,16-,17-19,-,20+
245,UL,Trevor Hoffman,Padres,230,'03,5,1,Closer,R,,1-3,4-10,11-14,15-16,17-,18-22,-,23-25,-,26+
246,UL,Mark Kotsay,Padres,280,'03,10,13,CF+1,L,,-,1-,2-3,4-5,6-9,10-16,17-,18-19,-,20+
247,UL,Ray Lankford,Padres,140,'03,10,09,LF-RF+1,L,,-,1-2,3-4,5-6,7-11,12-17,-,18-,-,19+
248,UL,Brian Lawrence,Padres,210,'03,3,6,Starter,R,,1-,2-4,5-12,13-15,16-,17-19,-,20-24,-,25+
249,UL,Phil Nevin,Padres,120,'03,10,10,"3B+1, 1B+0",R,,-,1-2,3-5,6-7,8-10,11-18,-,19-,-,20+
14,UL,*Marlon Byrd,Phillies,60,'03,9,17,CF+1,R,R,-,1-3,4-7,8-9,10-13,14-17,-,18-20,-,21+
19,UL,*Carlos Silva,Phillies,80,'03,2,1,Reliever,R,,1-3,4-6,7-14,15-16,17-,18-19,-,20-22,-,23+
23,P,Tomas Perez,Phillies,160,'03,9,16,"2B+4, SS+1",S,,-,1-2,3-4,5-6,7-9,10-16,-,17-19,-,20+
48,P,Brandon Duckworth,Phillies,170,'03,2,5,Starter,R,R,1-2,3-8,9-13,14-16,17-,18-19,-,20-,-,21+
54,UL,*Rheal Cormier,Phillies,210,'03,5,1,Reliever,L,,1-,2-5,6-12,13-16,17-,18-19,-,20-,-,21+
90,UL,**Jimmy Rollins,Phillies,290,'03,9,21,SS+2,S,,-,1-,2-4,5-6,7-9,10-13,14-16,17-18,19-,20+
91,UL,**Placido Polanco,Phillies,290,'03,10,14,3B+3,R,,-,1-,2-4,5-6,7-8,9-17,-,18-19,-,20+
126,UL,**Randy Wolf,Phillies,500,'03,5,7,Starter,L,,1-,2-5,6-11,12-16,17-,18-19,-,20-24,-,25+
127,UL,**Kevin Millwood,Phillies,470,'03,5,6,Starter,R,,1-2,3-6,7-12,13-15,16-17,18-19,-,20-23,-,24+
131,UL,**Jim Thome,Phillies,620,'03,13,10,1B+0,L,HR,-,1-2,3-,4-5,6-12,13-16,-,17-,-,18+
139,RS,**Scott Rolen '97,Phillies,400,'03,11,15,3B+3,R,RY,-,1-2,3-4,5-6,7-11,12-16,17-,18-,19-,20+
225,UL,Bobby Abreu,Phillies,340,'03,13,18,LF-RF+0,L,,-,1-2,3-5,6-7,8-12,13-15,16-17,18-19,-,20+
226,UL,Marlon Anderson,Phillies,150,'03,9,11,2B+2,L,,-,1-,2-4,5-6,7-9,10-17,-,18-19,-,20+
227,UL,Pat Burrell,Phillies,370,'03,11,08,LF-RF+0,R,,-,1-2,3-4,5-6,7-11,12-16,-,17-18,-,19+
228,UL,Brandon Duckworth,Phillies,170,'03,2,5,Starter,R,R,1-2,3-8,9-13,14-16,17-,18-19,-,20-,-,21+
229,UL,Jeremy Giambi,Phillies,300,'03,13,08,"LF-RF+0, 1B+0",L,,-,1-2,3-4,5-6,7-13,14-18,-,19-,-,20+
230,UL,Doug Glanville,Phillies,60,'03,8,14,CF+1,R,,-,1-,2-3,4-6,7-9,10-16,17-,18-19,-,20+
231,UL,Mike Lieberthal,Phillies,250,'03,10,08,C+6,R,,-,1-,2-3,4-6,7-9,10-16,-,17-19,-,20+
232,UL,Jose Mesa,Phillies,110,'03,2,1,Closer,R,,1-3,4-8,9-14,15-16,17-,18-19,-,20-24,-,25+
233,UL,Vincente Padilla,Phillies,440,'03,4,07,Starter,R,R,1-3,4-6,7-14,15-16,17-,18-19,-,20-23,-,24+
234,UL,Jimmy Rollins,Phillies,240,'03,9,18,SS+2,S,,-,1-,2-4,5-6,7-9,10-13,14-16,17-18,19-,20+
2,P,Abraham Nunez,Pirates,90,'03,9,16,SS+5,S,,-,1-,2-5,6-7,8-11,12-18,-,19-21,-,22+
4,P,Armando Rios,Pirates,120,'03,9,15,LF-RF+2,L,,-,1-2,3-4,5-6,7-9,10-18,-,19-22,-,23+
32,UL,*Joe Beimel,Pirates,130,'03,3,1,Reliever,L,,1-2,3-7,8-15,16-17,18-,19-21,-,22-,-,23+
39,UL,*Kris Benson,Pirates,150,'03,3,6,Starter,R,,1-3,4-7,8-12,13-16,17-,18-19,-,20-22,-,23+
60,UL,*Jeff D'Amico,Pirates,230,'03,4,6,Starter,R,,1-2,3-5,6-12,13-16,17-,18-19,-,20-21,-,22+
66,UL,**Aramis Ramirez,Pirates,230,'03,9,10,3B+2,R,,-,1-2,3-4,5-6,7-9,10-16,-,17-18,-,19+
85,UL,**Matt Stairs,Pirates,280,'03,10,10,LF-RF+0,L,,-,1-,2-3,4-5,6-10,11-15,-,16-18,-,19+
86,UL,*Kenny Lofton,Pirates,380,'03,11,20,CF+2,L,,-,1-,2-4,5-6,7-9,10-15,16-17,18-19,20-,21+
110,UL,**Randall Simon,Pirates,380,'03,11,10,1B+1,L,,-,1-,2-4,5-6,7-8,9-17,-,18-,-,19+
235,UL,Adrian Brown,Pirates,10,'03,8,12,CF+0,S,,-,1-,2-5,6-7,8-11,12-18,-,19-20,-,21+
236,UL,Josh Fogg,Pirates,160,'03,2,6,Starter,R,R,1-3,4-7,8-14,15-16,17-,18-19,-,20-21,-,22+
237,UL,Brian Giles,Pirates,460,'03,13,14,LF-RF+0,L,,-,1-,2-3,4-6,7-13,14-15,16-,17-18,-,19+
238,UL,Jason Kendall,Pirates,170,'03,10,14,C+5,R,,-,-,1-4,5-6,7-9,10-17,18-,19-20,-,21+
239,UL,Pokey Reese,Pirates,130,'03,9,13,2B+4,R,,-,1-,2-3,4-5,6-9,10-16,17-18,19-20,-,21+
240,UL,Kip Wells,Pirates,200,'03,2,6,Starter,R,,1-2,3-6,7-14,15-16,17-,18-19,-,20-22,-,23+
241,UL,Mike Williams,Pirates,220,'03,5,1,Closer,R,,1-3,4-7,8-14,15-16,17-,18-19,-,20-23,-,24+
242,UL,Craig Wilson,Pirates,130,'03,10,09,"LF-RF+0, 1B+0",R,,-,1-2,3-4,5-6,7-10,11-17,-,18-19,-,20+
243,UL,Jack Wilson,Pirates,90,'03,9,10,SS+5,R,,-,1-,2-4,5-7,8-10,11-18,-,19-20,-,21+
244,UL,Kevin Young,Pirates,80,'03,9,10,1B+1,R,,-,1-2,3-4,5-7,8-11,12-17,-,18-19,-,20+
2,UL,**Ryan Drese,Rangers,10,'03,1,5,Starter,R,R,1-2,3-6,7-12,13-16,17-,18-19,-,20-23,-,24+
6,UL,**Chan Ho Park,Rangers,20,'03,1,6,Starter,R,,1-3,4-7,8-13,14-15,16-17,18-19,-,20-23,-,24+
7,UL,*John Thomson,Rangers,150,'03,4,6,Starter,R,,1-,2-5,6-12,13-16,17-,18-19,-,20-24,-,25+
14,UL,**Einar Diaz,Rangers,90,'03,9,10,C+7,R,,-,1-,2-5,6-7,8-10,11-17,-,18-21,-,22+
21,UL,**Hank Blalock,Rangers,120,'03,9,10,3B+0,L,,-,1-2,3-4,5-6,7-11,12-16,-,17-19,-,20+
23,UL,*R.A. Dickey,Rangers,120,'03,2,2,Reliever,R,R,1-,2-7,8-13,14-16,17-,18-19,-,20-24,-,25+
40,UL,*Francisco Cordero,Rangers,180,'03,3,1,Reliever,R,,1-,2-8,9-14,15-17,18-,19-21,-,22-,-,23+
57,UL,**Ugueth Urbina,Rangers,210,'03,5,1,Closer,R,,1-3,4-10,11-13,14-17,18-,19-,-,20-,-,21+
96,UL,*Hank Blalock,Rangers,490,'03,13,10,3B+0,L,,-,1-2,3-4,5-7,8-10,11-17,-,18-,-,19+
98,UL,*Michael Young,Rangers,540,'03,12,15,2B+2,R,,-,1-2,3-5,6-,7-8,9-16,17-,18-,19-,20+
99,UL,*Carl Everett,Rangers,550,'03,13,12,OF+1,S,,-,1-,2-3,4-7,8-11,12-16,-,17-,18-,19+
101,UL,**Mark Teixeira,Rangers,330,'03,10,12,3B+1,S,R,-,1-,2-,3-5,6-9,10-16,-,17-,18-,19+
114,SS,*Ivan Rodriguez,Rangers,730,'03,12,19,C+11,R,G S V,-,1-,2-4,5-6,7-8,9-14,15-16,17-18,-,19+
290,UL,Juan Gonzalez,Rangers,120,'03,9,09,LF-RF+1,R,,-,1-2,3-4,5-6,7-9,10-16,-,17-19,-,20+
291,UL,Hideki Irabu,Rangers,10,'03,2,1,Reliever,R,,1-,2-4,5-12,13-15,16-,17-18,-,19-,-,20+
292,UL,Rafael Palmeiro,Rangers,400,'03,12,09,1B+0,L,,-,1-,2-3,4-6,7-12,13-16,-,17-18,-,19+
293,UL,Herbert Perry,Rangers,200,'03,9,10,3B+1,R,,-,1-,2-4,5-6,7-9,10-16,-,17-18,-,19+
294,UL,Alex Rodriguez,Rangers,710,'03,12,12,SS+5,R,"HR,S,G",-,1-2,3-4,5-6,7-10,11-16,-,17-,-,18+
295,UL,Ivan Rodriguez,Rangers,360,'03,11,11,C+6,R,,-,1-2,3-4,5-6,7-8,9-16,-,17-19,-,20+
296,UL,Kenny Rogers,Rangers,270,'03,3,6,Starter,L,,1-2,3-5,6-13,14-16,17-,18-19,-,20-22,-,23+
297,UL,Ismael Valdes,Rangers,380,'03,4,6,Starter,R,,1-,2-4,5-10,11-16,17-,18-19,-,20-21,-,22+
298,UL,Mike Young,Rangers,150,'03,9,11,2B+3,R,,-,1-2,3-5,6-7,8-10,11-17,-,18-,19-,20+
7,P,Carlos Baerga,Red Sox,170,'03,10,15,2B+4,S,,-,1-,2-5,6-,7-8,9-17,-,18-21,-,22+
17,UL,*Brandon Lyon,Red Sox,170,'03,4,1,Closer,R,,1-4,5-8,9-13,14-16,17-,18-19,-,20-22,-,23+
27,UL,**Ramiro Mendoza,Red Sox,140,'03,4,1,Reliever,R,,-,1-3,4-11,12-15,16-,17-19,-,20-23,-,24+
31,P,Manny Ramirez,Red Sox,490,'03,13,8,LF-RF+0,R,S,-,1-2,3-4,5-6,7-11,12-16,-,17-18,-,19+
38,UL,**Bill Mueller,Red Sox,160,'03,10,10,3B+0,S,,-,1-,2-4,5-6,7-11,12-17,-,18-19,-,20+
45,P,Alan Embree,Red Sox,260,'03,5,1,Reliever,L,,1-2,3-5,6-13,14-17,18-,19-,-,20-23,-,24+
46,UL,*Mike Timlin,Red Sox,190,'03,5,1,Reliever,R,,1-2,3-4,5-13,14-17,-,18-19,-,20-22,-,23+
50,UL,John Burkett,Red Sox,30,'03,1,6,Starter,R,,1-,2-5,6-12,13-16,17-,18-19,-,20-21,-,22+
51,UL,Tony Clark,Red Sox,10,'03,8,08,1B+1,S,,-,1-2,3-6,7-8,9-11,12-18,-,19-20,-,21+
52,UL,Johnny Damon,Red Sox,320,'03,10,19,CF+1,L,,-,1-,2-4,5-6,7-9,10-14,15-16,17-18,19-,20+
53,UL,Alan Embree,Red Sox,260,'03,5,1,Reliever,L,,1-2,3-5,6-13,14-17,18-,19-,-,20-23,-,24+
54,UL,Nomar Garciaparra,Red Sox,360,'03,11,11,SS+2,R,,-,1-,2-4,5-7,8-9,10-16,-,17-19,-,20+
55,UL,Shea Hillenbrand,Red Sox,310,'03,10,10,3B+1,R,,-,1-,2-4,5-6,7-,8-16,-,17-19,-,20+
56,UL,Derek Lowe,Red Sox,580,'03,5,07,Starter,R,20,1-2,3-5,6-15,16-,17-,18-20,-,21-25,-,26+
57,UL,Pedro Martinez,Red Sox,660,'03,6,07,Starter,R,K 20,1-,2-7,8-12,13-16,17-,18-20,-,21-23,-,24+
58,UL,Trot Nixon,Red Sox,210,'03,10,10,LF-RF+1,L,,-,1-2,3-4,5-7,8-11,12-16,-,17-18,-,19+
59,UL,Manny Ramirez,Red Sox,490,'03,13,08,LF-RF+0,R,S,-,1-2,3-4,5-6,7-11,12-16,-,17-18,-,19+
60,UL,Rey Sanchez,Red Sox,60,'03,10,09,2B+1,R,,-,1-,2-5,6-7,8-9,10-19,-,20-,-,21+
61,UL,Ugueth Urbina,Red Sox,210,'03,5,1,Closer,R,,1-3,4-10,11-13,14-17,18-,19-,-,20-21,-,22+
62,UL,Jason Varitek,Red Sox,120,'03,9,10,C+4,S,,-,1-2,3-4,5-6,7-10,11-17,-,18-19,-,20+
78,UL,**Casey Fossum,Red Sox,260,'03,3,6,Starter,L,,1-2,3-7,8-13,14-16,17-,18-19,-,20-24,-,25+
90,UL,*Todd Walker,Red Sox,410,'03,11,10,2B+2,L,,-,-,1-3,4-5,6-8,9-17,-,18-19,-,20+
96,UL,**Jeremy Giambi,Red Sox,310,'03,13,10,LF-RF+0,L,,-,1-3,4-,5-6,7-13,14-17,-,18-,-,19+
122,UL,**Tim Wakefield,Red Sox,440,'03,5,5,Starter,R,,1-4,5-8,9-14,15-16,17-,18-19,-,20-21,-,22+
145,RS,**Nomar Garciaparra '97,Red Sox,680,'03,12,17,SS+4,R,RY S,-,1-,2-4,5-,6-8,9-14,15-,16-17,18-,19+
184,UL,Cliff Floyd,Red Sox,480,'03,12,14,LF-RF+1,L,,-,1-2,3-4,5-6,7-10,11-14,15-,16-18,-,19+
6,UL,*Scott Sullivan,Reds,150,'03,4,1,Reliever,R,,1-2,3-7,8-11,12-16,17-,18-19,-,20-,-,21+
9,UL,**Ryan Dempster,Reds,40,'03,1,6,Starter,R,,1-2,3-7,8-13,14-16,17-18,19-,-,20-26,-,27+
9,P,Corky Miller,Reds,190,'03,9,8,C+5,R,,-,1-,2-3,4-5,6-8,9-15,-,16-19,-,20+
15,UL,**Ken Griffey Jr.,Reds,90,'03,10,15,CF+0,L,,-,1-,2-4,5-6,7-11,12-18,-,19-,-,20+
28,UL,*Scott Williamson,Reds,110,'03,2,1,Closer,R,,1-2,3-9,10-14,15-17,18-,19-,-,20-,-,21+
30,P,Barry Larkin,Reds,140,'03,9,13,SS+2,R,,-,1-,2-4,5-7,8-10,11-15,16-,17-19,-,20+
30,UL,*Juan Castro,Reds,120,'03,9,12,2B+4,R,,-,1-2,3-5,6-7,8-9,10-19,-,-,-,20+
36,UL,*Felipe Lopez,Reds,140,'03,9,17,SS+2,S,,-,1-2,3-5,6-,7-10,11-16,17-18,19-,20-21,22+
55,UL,*Felix Heredia,Reds,210,'03,5,2,Reliever,L,,1-,2-3,4-11,12-16,17-18,19-,-,20-25,-,26+
84,UL,Aaron Boone,Reds,170,'03,9,19,3B+2,R,,-,1-,2-4,5-7,8-11,12-14,15-16,17-19,-,20+
85,UL,Sean Casey,Reds,120,'03,9,09,1B+0,L,,-,1-,2-3,4-5,6-9,10-17,-,18-19,-,20+
85,UL,*Jose Guillen,Reds,380,'03,10,11,LF-RF+2,R,,-,1-2,3-,4-5,6-7,8-15,-,16-18,-,19+
86,UL,Elmer Dessens,Reds,290,'03,4,6,Starter,R,,1-3,4-6,7-13,14-16,17-,18-19,-,20-,-,21+
87,UL,Adam Dunn,Reds,330,'03,13,15,LF-RF+1,L,R,-,1-3,4-5,6-7,8-13,14-16,17-18,19-,-,20+
88,UL,Danny Graves,Reds,170,'03,4,1,Closer,R,,1-3,4-6,7-15,16-,17-19,20-22,-,23-24,-,25+
89,UL,Joey Hamilton,Reds,180,'03,1,3,Reliever,R,,1-,2-5,6-13,14-16,17-,18-19,-,20-24,-,25+
90,UL,Jimmy Haynes,Reds,170,'03,2,6,Starter,R,,1-2,3-5,6-12,13-16,17-,18-19,-,20-22,-,23+
91,UL,Austin Kearns,Reds,380,'03,13,11,LF-RF+2,R,R,-,1-2,3-5,6-7,8-11,12-17,-,18-19,-,20+
92,UL,Barry Larkin,Reds,140,'03,9,13,SS+2,R,,-,1-,2-4,5-7,8-10,11-15,16-,17-19,-,20+
93,UL,Jason LaRue,Reds,190,'03,9,09,C+8,R,,-,1-2,3-4,5-6,7-9,10-16,-,17-18,-,19+
94,UL,Reggie Taylor,Reds,130,'03,9,13,"CF+2, LF-RF+1",L,,-,1-3,4-5,6-7,8-9,10-15,16-,17-18,19-,20+
95,UL,Todd Walker,Reds,330,'03,11,12,2B+3,L,,-,1-,2-4,5-6,7-9,10-17,-,18-19,-,20+
109,UL,**Brandon Larson,Reds,380,'03,11,10,LF-RF+1,R,R,-,1-,2-4,5-6,7-8,9-16,-,17-18,-,19+
40,UL,**Brent Butler,Rockies,170,'03,9,10,"2B+2, 3B+1",R,,-,1-,2-4,5-7,8-,9-16,-,17-18,19-,20+
50,UL,*Ronnie Belliard,Rockies,210,'03,12,10,2B+3,R,,-,1-2,3-5,6-7,8-11,12-18,-,19-20,-,21+
71,UL,*Chris Stynes,Rockies,270,'03,10,12,3B+2,R,,-,1-,2-4,5-,6-10,11-16,-,17-19,-,20+
72,UL,*Jay Payton,Rockies,290,'03,10,12,LF-RF+1,R,,-,1-,2-4,5-6,7-9,10-16,17-,18-,19-,20+
76,UL,*Shawn Chacon,Rockies,320,'03,5,6,Starter,R,,1-3,4-6,7-13,14-15,16-17,18-19,-,20-23,-,24+
100,UL,*Preston Wilson,Rockies,580,'03,11,16,OF+1,R,,-,1-2,3-4,5-6,7-10,11-14,15-,16-18,-,19+
108,UL,Gary Bennett,Rockies,110,'03,9,09,C+3,R,,-,1-,2-4,5-6,7-8,9-17,-,18-19,-,20+
109,UL,Mike Hampton,Rockies,10,'03,1,6,Starter,L,,1-3,4-5,6-13,14-15,16-,17-19,-,20-22,-,23+
110,UL,Todd Helton,Rockies,510,'03,13,11,1B+1,L,"S,G",-,1-2,3-5,6-,7-11,12-16,-,17-18,-,19+
111,UL,Jose Jimenez,Rockies,170,'03,4,1,Closer,R,,1-,2-4,5-14,15-17,-,18-19,-,20-22,-,23+
112,UL,Denny Neagle,Rockies,260,'03,3,5,Starter,L,,1-5,6-8,9-14,15-16,17-,18-19,-,20-,-,21+
113,UL,Jose Ortiz,Rockies,50,'03,9,09,2B+2,R,,-,1-,2-4,5-6,7-10,11-19,-,20-,-,21+
114,UL,Juan Pierre,Rockies,130,'03,9,23,CF+1,L,,-,1-,2-5,6-,7-8,9-15,16-19,20-,-,21+
115,UL,Juan Uribe,Rockies,90,'03,8,12,SS+5,R,,-,1-2,3-5,6-7,8-11,11-18,-,19-,20-,21+
116,UL,Larry Walker,Rockies,550,'03,13,11,LF-RF+2,L,G,-,1-,2-4,5-6,7-10,11-16,-,17-18,-,19+
117,UL,Todd Zeile,Rockies,170,'03,10,08,3B+1,R,,-,1-,2-4,5-6,7-11,12-17,-,18-19,-,20+
133,RS,**Jason Jennings '02,Rockies,310,'03,3,7,Starter,R,RY,1-3,4-7,8-14,15-17,18-,19-,-,20-25,-,26+
1,P,Aaron Guiel,Royals,70,'03,8,13,LF-RF+1,L,,-,1-2,3-4,5-6,7-10,11-17,-,18-19,-,20+
3,UL,*Carlos Febles,Royals,150,'03,9,20,2B+2,R,,-,1-,2-4,5-,6-7,8-15,16-18,19-20,21-22,23+
6,P,Brandon Berger,Royals,30,'03,8,11,LF-RF+2,R,,-,1-2,3-5,6-8,9-11,12-16,-,17-18,-,19+
11,UL,*Chris George,Royals,160,'03,3,5,Starter,L,,1-3,4-6,7-15,16-17,18-,19-21,-,22-,-,23+
11,UL,**Angel Berroa,Royals,60,'03,9,15,SS+5,R,R,-,1-2,3-7,8-11,12-13,14-18,-,19-,-,20+
22,UL,**Albie Lopez,Royals,110,'03,2,2,Reliever,R,,1-2,3-6,7-13,14-15,16-,17-19,-,20-24,-,25+
27,P,Mike Sweeney,Royals,520,'03,13,12,1B+0,R,,-,1-,2-4,5-6,7-10,11-16,-,17-18,-,19+
38,UL,*Mike MacDougal,Royals,150,'03,2,1,Closer,R,,1-2,3-6,7-14,15-16,17-18,19-21,-,22-,-,23+
46,UL,**Runelvys Hernandez,Royals,180,'03,3,5,Starter,R,R,1-3,4-6,7-15,16-,17-,18-19,-,20-,-,21+
47,UL,*D.J. Carrasco,Royals,200,'03,5,1,Reliever,R,R,1-,2-6,7-12,13-16,17-,18-19,-,20-,-,21+
53,UL,*Michael Tucker,Royals,210,'03,9,15,OF+1,L,,-,1-2,3-4,5-6,7-9,10-15,16-17,18-,19-22,23+
78,UL,*Desi Relaford,Royals,320,'03,10,18,"2B+4, 3B+1",S,,-,-,1-3,4-5,6-9,10-15,16-17,18-,19-,20+
109,SS,*David Cone,Royals,430,'03,5,7,Starter,R,CY,1-4,5-8,9-14,15-16,17-,18-19,-,20-22,-,23+
138,RS,**Carlos Beltran '99,Royals,400,'03,10,19,CF+2,S,RY,-,1-,2-3,4-5,6-8,9-15,16-17,18-19,-,20+
146,UL,Carlos Beltran,Royals,390,'03,10,20,CF+2,S,,-,1-2,3-4,5-6,7-10,11-13,14-15,16-18,-,19+
147,UL,Paul Byrd,Royals,420,'03,5,07,Starter,R,,1-,2-4,5-10,11-16,17-,18-19,-,20-21,-,22+
148,UL,Raul Ibanez,Royals,300,'03,10,10,1B+0,L,,-,1-,2-4,5-6,7-9,10-15,-,16-18,-,19+
149,UL,Chuck Knoblauch,Royals,50,'03,8,15,LF-RF+1,R,,-,1-,2-4,5-6,7-10,11-17,18-,19-,-,20+
150,UL,Brent Mayne,Royals,90,'03,9,10,C+6,L,,-,1-,2-4,5-6,7-10,11-17,-,18-19,-,20+
151,UL,Neifi Perez,Royals,50,'03,8,12,SS+4,S,,-,1-,2-5,6-8,9-10,11-18,-,19-20,-,21+
152,UL,Joe Randa,Royals,230,'03,10,09,3B+1,R,,-,1-,2-4,5-6,7-9,10-16,-,17-19,-,20+
153,UL,Mike Sweeney,Royals,520,'03,13,12,1B+0,R,,-,1-,2-4,5-6,7-10,11-16,-,17-18,-,19+
2,UL,*Jeremy Bonderman,Tigers,10,'03,1,5,Starter,R,R,1-,2-6,7-13,14-16,17-,18-19,-,20-22,-,23+
5,UL,**Steve Sparks,Tigers,10,'03,1,6,Starter,R,,1-,2-4,5-12,13-16,17-,18-19,-,20-,-,21+
20,UL,**Brandon Inge,Tigers,80,'03,9,10,C+4,R,,-,1-3,4-5,6-7,8-10,11-16,-,17-19,-,20+
21,UL,*Eric Munson,Tigers,170,'03,9,14,3B+0,L,,-,1-,2-3,4-5,6-11,12-15,16-17,18-,-,19+
24,P,Wendell Magee,Tigers,70,'03,8,18,CF+3,R,,-,1-2,3-5,6-7,8-,9-17,-,18-19,-,20+
30,UL,**Dean Palmer,Tigers,140,'03,9,10,DH,R,,-,1-2,3-4,5-6,7-11,12-16,-,17-18,-,19+
31,UL,*Craig Monroe,Tigers,120,'03,9,10,LF-RF+2,R,R,-,1-2,3-5,6-7,8-11,12-17,-,18-,-,19+
118,UL,Juan Acevedo,Tigers,130,'03,4,1,Reliever,R,,1-2,3-5,6-12,13-15,16-17,18-19,-,20-25,-,26+
119,UL,Robert Fick,Tigers,220,'03,9,08,LF-RF+2,L,,-,1-,2-3,4-5,6-8,9-16,-,17-19,-,20+
120,UL,Bobby Higginson,Tigers,210,'03,10,13,LF-RF+2,L,,-,1-,2-3,4-6,7-9,10-15,16-17,18-19,-,20+
121,UL,Damian Jackson,Tigers,80,'03,9,13,2B+2,R,,-,1-,2-4,5-6,7-10,11-16,17-,18-20,-,21+
122,UL,Craig Paquette,Tigers,10,'03,8,09,3B+1,R,,-,1-3,4-8,9-10,11-12,13-17,-,18-19,-,20+
123,UL,Carlos Pena,Tigers,150,'03,9,09,1B+0,L,R,-,1-5,6-,-,7-10,11-16,-,17-18,-,19+
124,UL,Mark Redman,Tigers,300,'03,3,07,Starter,L,,1-,2-3,4-10,11-16,17-,18-19,-,20-24,-,25+
125,UL,Randall Simon,Tigers,260,'03,10,08,1B+1,L,,-,1-,2-5,6-7,-,8-16,-,17-18,-,19+
126,UL,Steve Sparks,Tigers,30,'03,1,6,Starter,R,,1-3,4-6,7-13,14-16,17-,18-19,-,20-22,-,23+
127,UL,Dmitri Young,Tigers,130,'03,9,09,DH,S,,-,1-,2-4,5-,6-8,9-16,-,17-19,-,20+
5,UL,*Luis Rivas,Twins,150,'03,9,18,2B+1,R,,-,1-,2-5,6-7,8-,9-15,16-17,18-19,20-,21+
12,P,Denny Hocking,Twins,120,'03,9,10,"2B+1, SS+1",S,,-,1-,2-4,5-6,7-10,11-18,-,19-23,-,24+
33,UL,**Michael Cuddyer,Twins,140,'03,9,12,LF-RF+1,R,R,-,1-2,3-5,6-7,8-9,10-16,-,17-19,-,20+
40,P,Corey Koskie,Twins,260,'03,11,12,3B+2,L,,-,1-2,3-4,5-6,7-11,12-15,16-,17-19,-,20+
43,UL,**J. C. Romero,Twins,150,'03,4,1,Reliever,L,,1-,2-6,7-13,14-15,16-17,18-19,-,20-22,-,23+
69,UL,**Latroy Hawkins,Twins,230,'03,5,1,Reliever,R,,1-3,4-8,9-15,16-17,18-,19-,-,20-,-,21+
82,UL,*Kyle Lohse,Twins,340,'03,5,6,Starter,R,,1-2,3-6,7-11,12-16,17-,18-19,-,20-22,-,23+
91,UL,*Torii Hunter,Twins,420,'03,10,17,CF+3,R,G,-,1-,2-4,5-,6-9,10-15,16-,17-18,-,19+
95,UL,**Bobby Kielty,Twins,310,'03,13,10,"LF-RF+2, CF+1",S,R,-,1-2,3-4,5-7,8-12,13-17,-,18-,-,19+
97,UL,*Jacque Jones,Twins,520,'03,12,18,LF-RF+2,L,,-,1-2,3-5,6-,7-,8-15,16-,17-18,19-,20+
104,UL,**Brad Radke,Twins,340,'03,4,6,Starter,R,,1-,2-4,5-11,12-16,17-,18-19,-,20-24,-,25+
108,UL,**Johan Santana,Twins,220,'03,3,2,Reliever,L,R,1-2,3-8,9-13,14-17,18-,19-22,-,23-24,-,25+
123,CC,*Harmon Killebrew,Twins,710,'03,12,11,1B+1,R,HR S V,-,1-2,3-,4-6,7-11,12-14,-,15-16,-,17+
174,UL,Eddie Guardado,Twins,200,'03,5,1,Closer,L,,1-4,5-9,10-13,14-16,17-,18-19,-,20-21,-,22+
175,UL,Cristian Guzman,Twins,160,'03,8,13,SS+2,S,,-,1-,2-4,5-6,7-,8-16,17-,18-19,-,20+
176,UL,Torii Hunter,Twins,430,'03,10,16,CF+3,R,G,-,1-2,3-4,5-,6-8,9-14,15-,16-18,-,19+
177,UL,Jacque Jones,Twins,300,'03,10,11,LF-RF+2,L,,-,1-2,3-5,6-7,8-9,10-16,-,17-18,-,19+
178,UL,Corey Koskie,Twins,260,'03,11,12,3B+2,L,,-,1-2,3-4,5-6,7-11,12-15,16-,17-19,-,20+
179,UL,Doug Mientkiewicz,Twins,180,'03,11,09,1B+0,L,,-,1-,2-3,4-6,7-11,12-17,-,18-19,-,20+
180,UL,Eric Milton,Twins,350,'03,4,6,Starter,L,,1-2,3-5,6-10,11-16,17-,18-19,-,20-,-,21+
181,UL,A. J. Pierzynski,Twins,400,'03,11,09,C+5,L,,-,1-,2-3,4-5,6-7,8-16,-,17-19,20-,21+
4,UL,**Sandy Alomar Jr.,White Sox,130,'03,9,10,C+3,R,,-,1-,2-5,6-7,8-,9-17,-,18-19,-,20+
10,P,Damaso Marte,White Sox,280,'03,5,1,Reliever,L,,1-2,3-9,10-14,15-17,18-19,20-22,-,23-25,-,26+
34,P,Frank Thomas,White Sox,190,'03,10,10,DH,R,,-,1-2,3-,4-6,7-12,13-17,-,18-,-,19+
41,UL,*Tom Gordon,White Sox,180,'03,4,1,Reliever,R,,1-3,4-10,11-15,16-,17-18,19-,-,20-22,-,23+
51,UL,**Billy Koch,White Sox,190,'03,4,1,Closer,R,,1-3,4-8,9-14,15-16,17-18,19-22,-,23-24,-,25+
54,UL,**Joe Crede,White Sox,210,'03,10,13,3B+0,R,R,-,1-2,3-4,5-7,8-9,10-16,-,17-18,-,19+
76,UL,Mark Buehrle,White Sox,400,'03,4,07,Starter,L,,1-2,3-5,6-13,14-16,17-,18-19,-,20-22,-,23+
77,UL,Jon Garland,White Sox,190,'03,2,6,Starter,R,,1-,2-5,6-12,13-16,17-,18-19,-,20-22,-,23+
77,UL,*D'Angelo Jimenez,White Sox,320,'03,11,12,2B+1,S,,-,1-,2-4,5-6,7-11,12-17,-,18-,19-,20+
78,UL,Tony Graffanino,White Sox,150,'03,9,09,"3B+1, 2B+0",R,,-,1-,2-3,4-5,6-9,10-16,-,17-18,19-,20+
79,UL,Paul Konerko,White Sox,450,'03,11,08,1B+0,R,,-,1-,2-3,4-5,6-8,9-16,-,17-18,-,19+
80,UL,Carlos Lee,White Sox,230,'03,10,09,LF-RF+1,R,,-,1-,2-3,4-6,7-11,12-16,-,17-18,-,19+
81,UL,Magglio Ordonez,White Sox,470,'03,11,11,LF-RF+1,R,S,-,1-,2-4,5-6,7-9,10-15,-,16-18,-,19+
82,UL,Frank Thomas,White Sox,190,'03,10,10,DH,R,,-,1-2,3-,4-6,7-12,13-17,-,18-,-,19+
83,UL,Dan Wright,White Sox,150,'03,2,6,Starter,R,R,1-2,3-6,7-12,13-16,17-,18-19,-,20-,-,21+
86,UL,**Miguel Olivo,White Sox,280,'03,10,18,C+6,R,R,-,1-,2-4,5-6,7-10,11-14,15-16,17-18,19-,20+
101,UL,*Esteban Loaiza,White Sox,610,'03,5,7,Starter,R,,1-,2-6,7-13,14-17,18-,19-22,-,23-24,-,25+
116,UL,**Bartolo Colon,White Sox,420,'03,4,7,Starter,R,20,1-,2-5,6-12,13-16,17-18,19-,-,20-21,-,22+
8,UL,**Antonio Osuna,Yankees,140,'03,3,1,Reliever,R,,1-4,5-9,10-15,16-,17-18,19-20,-,21-22,-,23+
20,UL,*Chris Hammond,Yankees,90,'03,3,1,Reliever,L,,1-2,3-6,7-12,13-16,17-,18-19,-,20-23,-,24+
38,P,Roger Clemens,Yankees,300,'03,3,6,Starter,R,,1-2,3-7,8-13,14-16,17-,18-19,-,20-23,-,24+
39,P,Jorge Posada,Yankees,280,'03,11,9,C+4,S,S,-,1-2,3-4,5-6,7-11,12-16,-,17-19,-,20+
47,P,Mike Stanton,Yankees,140,'03,3,1,Reliever,L,,1-3,4-6,7-12,13-16,17-,18-19,-,20-25,-,26+
76,UL,**Todd Zeile,Yankees,260,'03,10,10,3B+1,R,,-,1-,2-3,4-5,6-10,11-17,-,18-19,-,20+
94,UL,**Andy Pettitte,Yankees,300,'03,3,6,Starter,L,,1-,2-5,6-12,13-16,17-,18-19,-,20-24,-,25+
102,UL,*Raul Mondesi,Yankees,630,'03,12,22,LF-RF+1,R,,-,1-2,3-,4-6,7-10,11-13,14-15,16-17,18-,19+
106,UL,**Jose Contreras,Yankees,350,'03,4,6,Starter,R,R,1-,2-8,9-12,13-16,17-,18-,-,19-23,-,24+
114,UL,**David Wells,Yankees,360,'03,4,7,Starter,L,,1-2,3-6,7-12,13-16,17-,18-19,-,20-,-,21+
117,CC,*Yogi Berra,Yankees,550,'03,12,11,"C+8, OF+0",L,S V,-,-,1-2,3-6,7-8,9-16,-,17-18,-,19+
130,UL,**Hideki Matsui,Yankees,600,'03,13,11,LF-RF+1,R,R,-,1-3,4-,5-6,7-12,13-16,-,17-18,-,19+
135,RS,**Derek Jeter '96,Yankees,300,'03,11,14,SS+2,R,RY,-,1-2,3-5,6-7,8-10,11-17,18-,19-,-,20+
202,UL,Roger Clemens,Yankees,300,'03,3,6,Starter,R,,1-2,3-7,8-13,14-16,17-,18-19,-,20-23,-,24+
203,UL,Jason Giambi,Yankees,530,'03,13,09,1B+0,L,S,-,1-2,3-4,5-6,7-11,12-16,-,17-18,-,19+
204,UL,Derek Jeter,Yankees,280,'03,11,20,SS+1,R,,-,1-2,3-5,6-,7-10,11-16,17-18,19-,-,20+
205,UL,Nick Johnson,Yankees,190,'03,10,09,1B+0,L,R,-,1-2,3-4,5-6,7-10,11-16,-,17-18,-,19+
206,UL,Steve Karsay,Yankees,170,'03,3,1,Reliever,R,,1-,2-5,6-13,14-16,17-,18-19,-,20-24,-,25+
207,UL,Mike Mussina,Yankees,390,'03,4,6,Starter,R,,1-,2-5,6-11,12-16,17-,18-19,-,20-,-,21+
208,UL,Jorge Posada,Yankees,280,'03,11,09,C+4,S,S,-,1-2,3-4,5-6,7-11,12-16,-,17-19,-,20+
209,UL,Mariano Rivera,Yankees,230,'03,5,1,Closer,R,,1-,2-6,7-13,14-16,17-19,20-22,-,23-25,-,26+
210,UL,Alfonso Soriano,Yankees,710,'03,11,23,2B+1,R,"S,SB",-,1-2,3-4,5-6,7-,8-11,12-14,15-17,-,18+
211,UL,Mike Stanton,Yankees,140,'03,3,1,Reliever,L,,1-3,4-6,7-12,13-16,17-,18-19,-,20-25,-,26+
212,UL,Robin Ventura,Yankees,260,'03,11,10,3B+2,L,,-,1-2,3-4,5-6,7-12,13-17,-,18-,-,19+
213,UL,Jeff Weaver,Yankees,400,'03,4,6,Starter,R,,1-4,5-7,8-14,15-16,17-,18-19,-,20-23,-,24+
214,UL,Rondell White,Yankees,50,'03,8,09,LF-RF+2,R,,-,1-2,3-5,6-7,8-10,11-17,-,18-19,-,20+
215,UL,Bernie Williams,Yankees,460,'03,13,12,CF+1,S,S,-,1-2,3-5,6-,7-10,11-17,-,18-19,-,20+